# File generated by ImageToStl.com - Free Image and 3D model conversion tools

mtllib japanese_torii_gate.mtl

o obj1
v -374.80230737 478.06075172 200.86891672
v -376.0566778 477.98884365 194.56321023
v -384.28592454 477.98884365 194.56321023
v -385.54028939 478.06075172 200.86891672
v -400.86561102 471.46718683 178.040315
v -397.71509576 471.55392475 185.64585574
v -403.06342351 471.59469491 189.21924956
v -407.17439461 471.48149215 179.29511198
v -374.80003867 471.11231955 146.92287579
v -364.87526256 471.15919331 151.03360548
v -368.44890672 471.22018165 156.38158454
v -376.05493921 471.18422762 153.23127641
v -359.47698164 471.37334393 169.80812679
v -353.1681906 471.35899093 168.55329405
v -353.16818762 471.48149215 179.29515967
v -359.47698015 471.46718683 178.04035077
v -357.27916318 471.59469491 189.21924956
v -364.87526256 471.68133746 196.81487208
v -368.44890821 471.62034911 191.46689302
v -362.62750137 471.55392475 185.64585574
v -358.60632467 77.19795961 182.73764248
v -361.8893947 77.28832155 190.66317671
v -360.65125573 76.99857158 191.46268962
v -357.145841 76.90820956 183.00039172
v -362.63488936 477.88656062 185.59564376
v -368.45384496 477.95288961 191.41420149
v -364.88170433 478.01392564 196.75992749
v -357.28880572 477.92728309 189.16754746
v -391.88875589 477.95288961 191.41420149
v -395.46088982 478.01392564 196.75992749
v -400.85688937 477.70597981 169.76456669
v -407.1630131 477.69167449 168.51025847
v -407.16302204 477.81412802 179.24758221
v -400.85689682 477.79987038 177.99329783
v -397.70770627 477.88656062 185.59564376
v -403.05378395 477.92728309 189.16754746
v -391.89369264 471.62034911 191.46689302
v -395.46733159 471.68133746 196.81487208
v -400.86560506 471.37334393 169.80812679
v -407.17438567 471.35899093 168.55329405
v -403.0633952 471.24583586 158.6291684
v -397.71507341 471.28655833 162.20258606
v -359.48569733 477.70597981 169.76459053
v -359.48569584 477.79987038 177.99330975
v -353.17956018 477.81412802 179.24760605
v -353.17956316 477.69167449 168.51029423
v -395.46084511 477.49187687 150.99792511
v -403.05375564 477.57851941 158.59031706
v -397.70768392 477.61924189 162.1622446
v -391.88872162 477.55291289 156.34366303
v -391.89365837 471.22018165 156.3815607
v -395.46728688 471.15919331 151.03355779
v -374.80004537 471.72821122 200.92558985
v -385.54255176 471.72821122 200.92558985
v -384.28765829 471.65625546 194.61721307
v -376.05494443 471.65625546 194.61721307
v -384.28761806 471.18422762 153.23127641
v -384.46080233 76.90303162 156.88479543
v -392.38684657 76.94048771 160.16764044
v -391.89365837 471.22018165 156.3815607
v -376.05667296 477.51700654 153.19470197
v -374.80230066 477.44505079 146.88897164
v -385.54023686 477.44505079 146.88897164
v -384.28588431 477.51700654 153.19470197
v -400.86561102 471.46718683 178.040315
v -400.86560506 471.37334393 169.80812679
v -401.73626202 77.10008739 174.15907976
v -401.73627096 77.19795961 182.73761864
v -368.24346888 421.48050478 274.32328213
v -392.71011683 421.48050478 274.32328213
v -392.71011683 390.41216633 274.32328719
v -368.24346888 390.41216633 274.32328719
v -368.24346888 390.41212369 12.63333667
v -368.24346888 390.41216633 274.32328719
v -392.71011683 390.41216633 274.32328719
v -392.71011683 390.41212369 12.63333667
v -392.71011683 421.48046215 12.63333161
v -392.71011683 421.48050478 274.32328213
v -368.24346888 421.48050478 274.32328213
v -368.24346888 421.48046215 12.63333161
v -389.00985229 421.47793137 219.58900441
v -388.13478458 433.80306923 219.5890024
v -388.13478458 433.23046481 216.66794574
v -389.00985229 421.4779309 216.66794766
v -388.13478458 432.32210397 210.8258324
v -389.00985229 421.47792995 210.82583416
v -389.00985229 421.47791615 126.11480702
v -388.13478458 433.803054 126.11480501
v -372.81895685 433.803054 126.11480501
v -371.94342571 421.47791615 126.11480702
v -371.94342571 421.47791615 126.11480702
v -372.81895685 433.803054 126.11480501
v -372.81895685 433.23045053 129.03587377
v -371.94342571 421.47791662 129.03587569
v -371.94342571 421.47791757 134.87801302
v -372.81895685 432.3220916 134.87801126
v -372.81895685 431.72953596 140.72016061
v -371.94342571 421.47791853 140.72016228
v -388.13478458 433.23045053 129.03587377
v -389.00985229 421.47791662 129.03587569
v -389.00985229 421.47791757 134.87801302
v -388.13478458 432.3220916 134.87801126
v -372.81895685 431.72954643 204.98367132
v -372.81895685 432.32210397 210.8258324
v -371.94342571 421.47792995 210.82583416
v -371.94342571 421.477929 204.98367299
v -388.13478458 433.23046481 216.66794574
v -372.81895685 433.23046481 216.66794574
v -372.81895685 432.32210397 210.8258324
v -388.13478458 432.32210397 210.8258324
v -388.13478458 433.80306923 219.5890024
v -372.81895685 433.80306923 219.5890024
v -372.81895685 431.4527877 199.14153402
v -371.94342571 421.47792804 199.14153565
v -388.13478458 431.72954643 204.98367132
v -372.81895685 431.72954643 204.98367132
v -388.13478458 432.3220916 134.87801126
v -388.13478458 431.72953447 140.72016061
v -372.81895685 431.72953596 140.72016061
v -372.81895685 432.3220916 134.87801126
v -388.13478458 431.45277913 146.56228607
v -372.81895685 431.45277913 146.56227415
v -388.13478458 433.23045053 129.03587377
v -372.81895685 433.23045053 129.03587377
v -388.13478458 431.72954643 204.98367132
v -389.00985229 421.477929 204.98367299
v -372.81895685 433.23046481 216.66794574
v -372.81895685 433.80306923 219.5890024
v -371.94342571 421.47793137 219.58900441
v -371.94342571 421.4779309 216.66794766
v -398.45318156 77.00967777 166.23358129
v -399.69131905 76.71992753 165.37860039
v -403.19674718 76.81033724 173.84085061
v -401.73626202 77.10008739 174.15907976
v -372.81895685 433.80306923 219.5890024
v -388.13478458 433.80306923 219.5890024
v -389.00985229 421.47793137 219.58900441
v -371.94342571 421.47793137 219.58900441
v -388.13478458 431.4527877 199.14153402
v -389.00985229 421.47792804 199.14153565
v -407.17438567 471.35899093 168.55329405
v -407.1630131 477.69167449 168.51025847
v -403.05375564 477.57851941 158.59031706
v -403.0633952 471.24583586 158.6291684
v -388.13478458 431.72953447 140.72016061
v -389.00985229 421.47791853 140.72016228
v -389.00985229 421.47791948 146.56227578
v -388.13478458 431.45277913 146.56228607
v -372.81895685 431.45277913 146.56227415
v -371.94342571 421.47791948 146.5622877
v -368.24346888 421.48046215 12.63333161
v -368.24346888 421.48050478 274.32328213
v -368.24346888 390.41216633 274.32328719
v -368.24346888 390.41212369 12.63333667
v -388.13478458 433.803054 126.11480501
v -372.81895685 433.803054 126.11480501
v -388.13478458 431.4527877 199.14153402
v -372.81895685 431.4527877 199.14153402
v -362.62750137 471.55392475 185.64585574
v -368.44890821 471.62034911 191.46689302
v -367.9557215 77.35753545 196.72909372
v -361.8893947 77.28832155 190.66317671
v -376.05494443 471.65625546 194.61721307
v -384.28765829 471.65625546 194.61721307
v -384.46084443 77.39499154 200.01196257
v -375.88176164 77.39499154 200.01196257
v -368.44890672 471.22018165 156.38158454
v -367.9557215 76.94048771 160.16766428
v -375.8817568 76.90303162 156.88479543
v -376.05493921 471.18422762 153.23127641
v -385.54023686 477.44505079 146.88897164
v -374.80230066 477.44505079 146.88897164
v -374.80003867 471.11231955 146.92287579
v -385.54249886 471.11231955 146.92287579
v -362.62750137 471.28655833 162.2026099
v -361.8893947 77.00967777 166.23360513
v -359.47698164 471.37334393 169.80812679
v -358.60632467 77.10008739 174.1591036
v -391.89369264 471.62034911 191.46689302
v -397.71509576 471.55392475 185.64585574
v -398.45320541 77.28832155 190.66317671
v -392.38688233 77.35753545 196.72909372
v -397.71507341 471.28655833 162.20258606
v -398.45318156 77.00967777 166.23358129
v -358.60632467 77.19795961 182.73764248
v -359.47698015 471.46718683 178.04035077
v -374.80230737 478.06075172 200.86891672
v -385.54028939 478.06075172 200.86891672
v -385.54255176 471.72821122 200.92558985
v -374.80004537 471.72821122 200.92558985
v -359.47698015 471.46718683 178.04035077
v -358.60632467 77.19795961 182.73764248
v -362.63488936 477.61924189 162.16225652
v -357.28880572 477.57851941 158.5903409
v -395.46728688 471.15919331 151.03355779
v -395.46084511 477.49187687 150.99792511
v -364.88170433 478.01392564 196.75992749
v -364.87526256 471.68133746 196.81487208
v -407.17439461 471.48149215 179.29511198
v -407.16302204 477.81412802 179.24758221
v -353.17956018 477.81412802 179.24760605
v -357.28880572 477.92728309 189.16754746
v -357.27916318 471.59469491 189.21924956
v -353.16818762 471.48149215 179.29515967
v -353.17956316 477.69167449 168.51029423
v -353.17956018 477.81412802 179.24760605
v -353.16818762 471.48149215 179.29515967
v -353.1681906 471.35899093 168.55329405
v -403.06342351 471.59469491 189.21924956
v -403.05378395 477.92728309 189.16754746
v -364.88170284 477.49187687 150.99794895
v -357.28880572 477.57851941 158.5903409
v -357.27916318 471.24583586 158.62919224
v -364.87526256 471.15919331 151.03360548
v -375.5912486 76.61328128 155.39667015
v -375.55777761 5.10704341 156.10278226
v -384.78477965 5.10704341 156.10278226
v -384.75130829 76.61328128 155.39667015
v -395.46088982 478.01392564 196.75992749
v -395.46733159 471.68133746 196.81487208
v -399.69131905 76.71992753 165.37860039
v -393.2141434 76.65073741 158.90184049
v -393.30946016 5.1447618 159.63357068
v -399.83397084 5.21447646 166.15765667
v -362.62750137 471.28655833 162.2026099
v -357.27916318 471.24583586 158.62919224
v -364.88170284 477.49187687 150.99794895
v -368.45384347 477.55291289 156.34368687
v -385.54249886 471.11231955 146.92287579
v -384.28761806 471.18422762 153.23127641
v -403.19675463 76.90820956 183.0003798
v -401.73627096 77.19795961 182.73761864
v -375.8817568 76.90303162 156.88479543
v -367.9557215 76.94048771 160.16766428
v -367.12842393 76.65073741 158.90186433
v -375.5912486 76.61328128 155.39667015
v -367.12842393 76.65073741 158.90186433
v -367.03310567 5.1447618 159.63359452
v -384.46080233 76.90303162 156.88479543
v -384.75130829 76.61328128 155.39667015
v -384.46084443 77.39499154 200.01196257
v -384.75135337 77.10524167 201.44459602
v -375.59125382 77.10524167 201.44459602
v -375.88176164 77.39499154 200.01196257
v -388.13478458 433.803054 126.11480501
v -389.00985229 421.47791615 126.11480702
v -392.38684657 76.94048771 160.16764044
v -393.2141434 76.65073741 158.90184049
v -361.8893947 77.00967777 166.23360513
v -360.65125573 76.71992753 165.37862423
v -358.60632467 77.10008739 174.1591036
v -357.145841 76.81033724 173.84087445
v -384.75135337 77.10524167 201.44459602
v -393.21418065 77.06778554 197.93941376
v -393.30949742 5.56486175 198.95639986
v -384.78482473 5.60258014 202.48721212
v -375.5577832 5.60258014 202.48721212
v -375.59125382 77.10524167 201.44459602
v -399.69134438 76.99857158 191.46268962
v -403.19675463 76.90820956 183.0003798
v -403.36502451 5.40411749 183.90821787
v -399.83399618 5.49514709 192.43236155
v -360.50860542 5.49514709 192.43236155
v -360.65125573 76.99857158 191.46268962
v -367.12842393 77.06778554 197.93941376
v -367.03310716 5.56486175 198.95639986
v -403.19674718 76.81033724 173.84085061
v -403.36501557 5.30550606 174.68176459
v -356.97757113 5.40411749 183.90824172
v -357.145841 76.90820956 183.00039172
v -360.50860542 5.21447646 166.15768051
v -360.65125573 76.71992753 165.37862423
v -357.145841 76.81033724 173.84087445
v -356.97757113 5.30550606 174.68177651
v -357.145841 76.90820956 183.00039172
v -356.97757113 5.40411749 183.90824172
v -367.9557215 77.35753545 196.72909372
v -367.12842393 77.06778554 197.93941376
v -393.21418065 77.06778554 197.93941376
v -392.38688233 77.35753545 196.72909372
v -398.45320541 77.28832155 190.66317671
v -399.69134438 76.99857158 191.46268962
v -358.60632467 77.19795961 182.73764248
v -357.145841 76.90820956 183.00039172
v -392.71011683 421.48046215 12.63333161
v -392.71011683 421.48045963 -2.81359207
v -392.71011683 390.41212118 -2.81358701
v -392.71011683 390.41212369 12.63333667
v -392.71011683 421.48050478 274.32328213
v -392.71011683 390.41216633 274.32328719
v -368.24346888 421.48046215 12.63333161
v -368.24346888 476.86347832 12.63332258
v -392.71011683 476.86347832 12.63332258
v -392.71011683 421.48046215 12.63333161
v -368.24346888 390.41212118 -2.81358701
v -392.71011683 390.41212118 -2.81358701
v -368.24346888 421.48045963 -2.81359207
v -368.24346888 390.41212118 -2.81358701
v -392.71011683 476.8634758 -2.81360109
v -392.71011683 476.86347832 12.63332258
v -368.24346888 476.86347832 12.63332258
v -368.24346888 476.8634758 -2.81360109
v -368.24346888 476.8634758 -2.81360109
v -368.24346888 476.86347832 12.63332258
v -392.71011683 476.86347832 12.63332258
v -392.71011683 476.8634758 -2.81360109
v -364.82239473 512.58188105 -2.81360691
v -364.82239473 512.99813009 33.81478536
v -364.82239473 505.45181247 33.55015687
v -364.82239473 505.04150605 -2.81360568
v -364.82239473 482.79574111 32.4760789
v -364.82239473 475.2357382 31.81679912
v -364.82239473 474.86595726 -2.81360076
v -364.82239473 482.4118576 -2.81360199
v -364.82239473 490.3508564 32.9071772
v -364.82239473 489.95644665 -2.81360322
v -364.82239473 497.90276495 33.25299616
v -364.82239473 497.4996767 -2.81360445
v -352.81261313 515.7351823 222.65369299
v -352.81261313 514.29116243 173.87985614
v -352.81261313 517.8585486 176.92267267
v -352.81261313 519.34931653 226.5321428
v -364.82239473 499.4213556 114.98267323
v -364.82239473 491.83245032 113.85326182
v -364.82239473 490.94300494 70.93134929
v -364.82239473 498.50895044 71.64528058
v -352.81261313 511.27849462 35.35771744
v -352.81261313 510.84012604 -2.81360663
v -352.81261313 514.30753088 -2.81360719
v -352.81261313 514.75603832 36.01577599
v -364.82239473 484.23282212 112.4452583
v -364.82239473 476.61298783 110.29199406
v -364.82239473 475.7879872 68.68028699
v -364.82239473 483.37090821 70.04135781
v -408.1408571 534.01411401 363.68602816
v -408.1408571 524.40614249 358.76182776
v -352.81261313 524.40614249 358.76182776
v -352.81261313 534.01411401 363.68602816
v -364.82239473 513.62598197 72.80497588
v -364.82239473 512.99813009 33.81478536
v -352.81261313 511.27849462 35.35771744
v -352.81261313 511.9460375 75.99009936
v -352.81261313 511.9460375 75.99009936
v -352.81261313 515.44172496 77.34846481
v -352.81261313 520.68862387 354.04412073
v -352.81261313 519.02466999 312.48111078
v -352.81261313 522.74146746 317.60248431
v -352.81261313 524.40614249 358.76182776
v -352.81261313 520.98870819 273.37450303
v -352.81261313 528.71695621 231.75670296
v -352.81261313 530.43572353 279.57150104
v -396.1310755 480.0609654 243.64955414
v -364.82239473 480.0609654 243.64955414
v -364.82239473 481.33942601 283.82942644
v -396.1310755 481.33942601 283.82942644
v -352.81261313 527.1598064 181.02500852
v -352.81261313 516.48593441 124.00299898
v -352.81261313 525.72897616 126.90049846
v -352.81261313 512.95996766 121.85480047
v -352.81261313 531.41000521 182.29942666
v -352.81261313 532.98675904 233.37790092
v -352.81261313 534.01411401 363.68602816
v -352.81261313 532.28035151 324.19690223
v -352.81261313 536.60696954 326.11454984
v -352.81261313 538.39385154 364.6094226
v -352.81261313 529.96188957 127.80118356
v -352.81261313 517.32161512 268.74379493
v -364.82239473 517.16079875 213.55096678
v -364.82239473 515.81611034 166.74190165
v -352.81261313 514.29116243 173.87985614
v -352.81261313 515.7351823 222.65369299
v -352.81261313 524.642483 79.1811154
v -352.81261313 528.86277805 79.75100068
v -364.82239473 514.57413214 116.81684874
v -352.81261313 512.95996766 121.85480047
v -352.81261313 527.67774677 -2.81360937
v -408.1408571 527.67774677 -2.81360937
v -408.1408571 528.14439805 37.17981974
v -352.81261313 528.14439805 37.17981974
v -396.1310755 475.2357382 31.81679912
v -364.82239473 475.2357382 31.81679912
v -364.82239473 475.7879872 68.68028699
v -396.1310755 475.7879872 68.68028699
v -364.82239473 476.61298783 110.29199406
v -396.1310755 476.61298783 110.29199406
v -364.82239473 477.68470789 157.49530819
v -396.1310755 477.68470789 157.49530819
v -408.1408571 532.98675904 233.37790092
v -352.81261313 532.98675904 233.37790092
v -352.81261313 531.41000521 182.29942666
v -408.1408571 531.41000521 182.29942666
v -408.1408571 534.72935635 281.47725157
v -352.81261313 534.72935635 281.47725157
v -396.1310755 521.921377 341.46081708
v -364.82239473 521.921377 341.46081708
v -352.81261313 520.68862387 354.04412073
v -408.1408571 520.68862387 354.04412073
v -364.82239473 521.921377 341.46081708
v -364.82239473 520.25023485 300.13987352
v -352.81261313 519.02466999 312.48111078
v -352.81261313 520.68862387 354.04412073
v -352.81261313 534.72935635 281.47725157
v -364.82239473 518.63947203 257.83237771
v -364.82239473 510.98184248 255.96889934
v -364.82239473 509.53875322 211.99109062
v -364.82239473 517.16079875 213.55096678
v -364.82239473 518.63947203 257.83237771
v -352.81261313 517.32161512 268.74379493
v -364.82239473 508.22084523 165.51819569
v -364.82239473 515.81611034 166.74190165
v -364.82239473 506.06980569 72.25871247
v -364.82239473 513.62598197 72.80497588
v -364.82239473 501.89932098 210.23795237
v -364.82239473 500.61337902 164.14343964
v -364.82239473 507.00165395 115.95295217
v -364.82239473 514.57413214 116.81684874
v -364.82239473 492.99253154 162.54282967
v -364.82239473 503.29999552 253.86740771
v -364.82239473 494.24108343 208.1957316
v -364.82239473 520.25023485 300.13987352
v -364.82239473 512.54120221 298.07247575
v -364.82239473 521.921377 341.46081708
v -364.82239473 514.14289902 339.52760129
v -364.82239473 495.59296554 251.40971873
v -364.82239473 504.7984929 295.69556298
v -364.82239473 506.31786377 337.10388698
v -364.82239473 486.55940925 205.64911248
v -364.82239473 485.35486952 160.54719589
v -364.82239473 497.0232215 292.85463999
v -364.82239473 487.85585895 248.34155898
v -364.82239473 498.45097402 333.94181417
v -364.82239473 478.8321671 201.75466546
v -364.82239473 477.68470789 157.49530819
v -364.82239473 480.0609654 243.64955414
v -364.82239473 489.2134985 289.28632575
v -364.82239473 490.55136713 329.87763699
v -364.82239473 482.59428909 323.66242356
v -364.82239473 481.33942601 283.82942644
v -408.1408571 528.86277805 79.75100068
v -352.81261313 528.86277805 79.75100068
v -408.1408571 529.96188957 127.80118356
v -352.81261313 529.96188957 127.80118356
v -364.82239473 512.58188105 -2.81360691
v -352.81261313 510.84012604 -2.81360663
v -408.1408571 536.60696954 326.11454984
v -352.81261313 536.60696954 326.11454984
v -408.1408571 538.39385154 364.6094226
v -352.81261313 538.39385154 364.6094226
v -396.1310755 478.8321671 201.75466546
v -364.82239473 478.8321671 201.75466546
v -408.1408571 520.68862387 354.04412073
v -352.81261313 520.68862387 354.04412073
v -396.1310755 474.86595726 -2.81360076
v -364.82239473 474.86595726 -2.81360076
v -396.1310755 490.55136713 329.87763699
v -396.1310755 482.59428909 323.66242356
v -364.82239473 482.59428909 323.66242356
v -364.82239473 490.55136713 329.87763699
v -396.1310755 498.45097402 333.94181417
v -364.82239473 498.45097402 333.94181417
v -396.1310755 506.31786377 337.10388698
v -364.82239473 506.31786377 337.10388698
v -364.82239473 521.921377 341.46081708
v -396.1310755 521.921377 341.46081708
v -396.1310755 514.14289902 339.52760129
v -364.82239473 514.14289902 339.52760129
v -352.81261313 538.39385154 364.6094226
v -408.1408571 538.39385154 364.6094226
v -396.1310755 481.33933261 -289.45663008
v -396.1310755 482.59418271 -329.28962761
v -364.82239473 482.59418271 -329.28962761
v -364.82239473 481.33933261 -289.45663008
v -396.1310755 512.58188105 -2.81360691
v -396.1310755 505.04150605 -2.81360568
v -396.1310755 505.45181247 33.55015687
v -396.1310755 512.99813009 33.81478536
v -396.1310755 482.79574111 32.4760789
v -396.1310755 482.4118576 -2.81360199
v -396.1310755 474.86595726 -2.81360076
v -396.1310755 475.2357382 31.81679912
v -396.1310755 490.3508564 32.9071772
v -396.1310755 489.95644665 -2.81360322
v -396.1310755 497.90276495 33.25299616
v -396.1310755 497.4996767 -2.81360445
v -408.1408571 515.7351823 222.65369299
v -408.1408571 519.34931653 226.5321428
v -408.1408571 517.8585486 176.92267267
v -408.1408571 514.29116243 173.87985614
v -396.1310755 499.4213556 114.98267323
v -396.1310755 498.50895044 71.64528058
v -396.1310755 490.94300494 70.93134929
v -396.1310755 491.83245032 113.85326182
v -408.1408571 514.75603832 36.01577599
v -408.1408571 523.93158344 36.90368105
v -408.1408571 523.46905088 -2.81360868
v -408.1408571 514.30753088 -2.81360719
v -396.1310755 484.23282212 112.4452583
v -396.1310755 483.37090821 70.04135781
v -396.1310755 475.7879872 68.68028699
v -396.1310755 476.61298783 110.29199406
v -408.1408571 524.642483 79.1811154
v -408.1408571 528.86277805 79.75100068
v -408.1408571 528.14439805 37.17981974
v -396.1310755 513.62598197 72.80497588
v -408.1408571 511.9460375 75.99009936
v -408.1408571 511.27849462 35.35771744
v -396.1310755 512.99813009 33.81478536
v -408.1408571 511.9460375 75.99009936
v -408.1408571 515.44172496 77.34846481
v -408.1408571 511.27849462 35.35771744
v -408.1408571 520.68862387 354.04412073
v -408.1408571 524.40614249 358.76182776
v -408.1408571 522.74146746 317.60248431
v -408.1408571 519.02466999 312.48111078
v -408.1408571 528.71695621 231.75670296
v -408.1408571 527.1598064 181.02500852
v -408.1408571 525.72897616 126.90049846
v -408.1408571 516.48593441 124.00299898
v -408.1408571 512.95996766 121.85480047
v -408.1408571 532.98675904 233.37790092
v -408.1408571 531.41000521 182.29942666
v -408.1408571 534.01411401 363.68602816
v -408.1408571 538.39385154 364.6094226
v -408.1408571 536.60696954 326.11454984
v -408.1408571 532.28035151 324.19690223
v -408.1408571 529.96188957 127.80118356
v -408.1408571 527.67774677 -2.81360937
v -408.1408571 520.98870819 273.37450303
v -408.1408571 517.32161512 268.74379493
v -396.1310755 517.16079875 213.55096678
v -408.1408571 515.7351823 222.65369299
v -408.1408571 514.29116243 173.87985614
v -396.1310755 515.81611034 166.74190165
v -408.1408571 512.95996766 121.85480047
v -396.1310755 514.57413214 116.81684874
v -396.1310755 521.921377 341.46081708
v -408.1408571 520.68862387 354.04412073
v -408.1408571 519.02466999 312.48111078
v -396.1310755 520.25023485 300.13987352
v -408.1408571 534.72935635 281.47725157
v -408.1408571 530.43572353 279.57150104
v -396.1310755 518.63947203 257.83237771
v -396.1310755 517.16079875 213.55096678
v -396.1310755 509.53875322 211.99109062
v -396.1310755 510.98184248 255.96889934
v -408.1408571 517.32161512 268.74379493
v -396.1310755 518.63947203 257.83237771
v -396.1310755 515.81611034 166.74190165
v -396.1310755 508.22084523 165.51819569
v -396.1310755 506.06980569 72.25871247
v -396.1310755 513.62598197 72.80497588
v -396.1310755 500.61337902 164.14343964
v -396.1310755 501.89932098 210.23795237
v -396.1310755 507.00165395 115.95295217
v -396.1310755 514.57413214 116.81684874
v -396.1310755 492.99253154 162.54282967
v -396.1310755 503.29999552 253.86740771
v -396.1310755 494.24108343 208.1957316
v -396.1310755 520.25023485 300.13987352
v -396.1310755 512.54120221 298.07247575
v -396.1310755 521.921377 341.46081708
v -396.1310755 514.14289902 339.52760129
v -396.1310755 495.59296554 251.40971873
v -396.1310755 504.7984929 295.69556298
v -396.1310755 506.31786377 337.10388698
v -396.1310755 485.35486952 160.54719589
v -396.1310755 486.55940925 205.64911248
v -396.1310755 497.0232215 292.85463999
v -396.1310755 487.85585895 248.34155898
v -396.1310755 498.45097402 333.94181417
v -396.1310755 477.68470789 157.49530819
v -396.1310755 478.8321671 201.75466546
v -396.1310755 480.0609654 243.64955414
v -396.1310755 489.2134985 289.28632575
v -396.1310755 490.55136713 329.87763699
v -396.1310755 481.33942601 283.82942644
v -396.1310755 482.59428909 323.66242356
v -408.1408571 510.84012604 -2.81360663
v -396.1310755 512.58188105 -2.81360691
v -364.82239473 490.35084476 -38.53438378
v -364.82239473 482.79572961 -38.10328301
v -364.82239473 497.9027532 -38.8802052
v -352.81261313 515.73510884 -228.28090784
v -352.81261313 519.3492418 -232.15935882
v -352.81261313 517.85849003 -182.54988821
v -352.81261313 514.29110486 -179.50707051
v -364.82239473 499.42131722 -120.60988277
v -364.82239473 498.50892618 -77.27248981
v -364.82239473 490.94298091 -76.55855606
v -364.82239473 491.83241231 -119.48046888
v -352.81261313 514.75602566 -41.64299052
v -352.81261313 523.9315705 -42.53089856
v -352.81261313 523.46905088 -2.81360868
v -352.81261313 511.27848218 -40.98493083
v -364.82239473 484.23278457 -118.07246288
v -364.82239473 483.37088447 -75.66856212
v -364.82239473 475.7879639 -74.30748882
v -364.82239473 476.61295097 -115.91919616
v -408.1408571 534.01399459 -369.31324896
v -352.81261313 534.01399459 -369.31324896
v -352.81261313 524.40602468 -364.38904543
v -408.1408571 524.40602468 -364.38904543
v -352.81261313 524.64245629 -84.80833315
v -352.81261313 528.86275115 -85.3782198
v -352.81261313 528.14438502 -42.80703863
v -364.82239473 513.62595733 -78.43219004
v -352.81261313 511.94601182 -81.61731297
v -352.81261313 511.27848218 -40.98493083
v -364.82239473 512.99811816 -39.44199932
v -352.81261313 511.94601182 -81.61731297
v -352.81261313 515.44169884 -82.97567956
v -352.81261313 520.68850759 -359.67133719
v -352.81261313 524.40602468 -364.38904543
v -352.81261313 522.74136306 -323.22970144
v -352.81261313 519.02456726 -318.1083267
v -396.1310755 480.06088509 -249.27675736
v -364.82239473 480.06088509 -249.27675736
v -352.81261313 528.71687978 -237.38392204
v -352.81261313 527.1597465 -186.65222709
v -352.81261313 525.7289339 -132.52771656
v -352.81261313 516.48589309 -129.63021407
v -352.81261313 512.95992704 -127.48201441
v -352.81261313 532.98668208 -239.00512139
v -352.81261313 531.40994489 -187.92664661
v -352.81261313 534.01399459 -369.31324896
v -352.81261313 538.39373181 -370.23664483
v -352.81261313 536.60686236 -331.74177149
v -352.81261313 532.28024496 -329.82412247
v -352.81261313 529.96184701 -133.42840304
v -352.81261313 520.9886182 -279.00171958
v -352.81261313 517.32152663 -274.37101029
v -364.82239473 517.16072825 -219.17818209
v -352.81261313 515.73510884 -228.28090784
v -352.81261313 514.29110486 -179.50707051
v -364.82239473 515.81605509 -172.36911653
v -352.81261313 512.95992704 -127.48201441
v -364.82239473 514.57409316 -122.4440632
v -352.81261313 528.14438502 -42.80703863
v -408.1408571 528.14438502 -42.80703863
v -396.1310755 475.23572691 -37.44400077
v -396.1310755 475.7879639 -74.30748882
v -364.82239473 475.7879639 -74.30748882
v -364.82239473 475.23572691 -37.44400077
v -396.1310755 476.61295097 -115.91919616
v -364.82239473 476.61295097 -115.91919616
v -396.1310755 477.68465566 -163.12251064
v -364.82239473 477.68465566 -163.12251064
v -408.1408571 532.98668208 -239.00512139
v -408.1408571 531.40994489 -187.92664661
v -352.81261313 531.40994489 -187.92664661
v -352.81261313 532.98668208 -239.00512139
v -408.1408571 534.72926372 -287.1044726
v -352.81261313 534.72926372 -287.1044726
v -396.1310755 521.92126483 -347.08803394
v -408.1408571 520.68850759 -359.67133719
v -352.81261313 520.68850759 -359.67133719
v -364.82239473 521.92126483 -347.08803394
v -364.82239473 521.92126483 -347.08803394
v -352.81261313 520.68850759 -359.67133719
v -352.81261313 519.02456726 -318.1083267
v -364.82239473 520.25013613 -305.76708983
v -352.81261313 534.72926372 -287.1044726
v -352.81261313 530.43563152 -285.19872067
v -364.82239473 518.6393871 -263.4595935
v -364.82239473 517.16072825 -219.17818209
v -364.82239473 509.53868323 -217.61830345
v -364.82239473 510.98175816 -261.59611264
v -352.81261313 517.32152663 -274.37101029
v -364.82239473 518.6393871 -263.4595935
v -364.82239473 515.81605509 -172.36911653
v -364.82239473 508.22079038 -171.14540809
v -364.82239473 506.06978123 -77.88592416
v -364.82239473 513.62595733 -78.43219004
v -364.82239473 512.99811816 -39.44199932
v -364.82239473 505.45180062 -39.17736836
v -364.82239473 500.61332462 -169.77064956
v -364.82239473 501.89925156 -215.86516271
v -364.82239473 507.00161525 -121.58016417
v -364.82239473 514.57409316 -122.4440632
v -364.82239473 492.99247766 -168.17003711
v -364.82239473 503.29991188 -259.4946185
v -364.82239473 494.24101467 -213.82293944
v -364.82239473 520.25013613 -305.76708983
v -364.82239473 512.54110417 -303.69968955
v -364.82239473 521.92126483 -347.08803394
v -364.82239473 514.14278747 -345.15481562
v -364.82239473 495.5928827 -257.03692701
v -364.82239473 504.79839564 -301.32277427
v -364.82239473 485.35481629 -166.17440083
v -364.82239473 486.55934132 -211.27631782
v -364.82239473 497.02312516 -298.48184874
v -364.82239473 487.85577711 -253.96876474
v -364.82239473 477.68465566 -163.12251064
v -364.82239473 478.83210044 -207.38186828
v -364.82239473 480.06088509 -249.27675736
v -364.82239473 489.21340332 -294.91353196
v -364.82239473 490.55125872 -335.50484363
v -364.82239473 498.45086429 -339.56902338
v -364.82239473 475.23572691 -37.44400077
v -364.82239473 481.33933261 -289.45663008
v -364.82239473 482.59418271 -329.28962761
v -408.1408571 528.86275115 -85.3782198
v -352.81261313 528.86275115 -85.3782198
v -352.81261313 529.96184701 -133.42840304
v -408.1408571 529.96184701 -133.42840304
v -408.1408571 536.60686236 -331.74177149
v -352.81261313 536.60686236 -331.74177149
v -408.1408571 538.39373181 -370.23664483
v -352.81261313 538.39373181 -370.23664483
v -396.1310755 478.83210044 -207.38186828
v -364.82239473 478.83210044 -207.38186828
v -408.1408571 520.68850759 -359.67133719
v -352.81261313 520.68850759 -359.67133719
v -396.1310755 490.55125872 -335.50484363
v -364.82239473 490.55125872 -335.50484363
v -364.82239473 482.59418271 -329.28962761
v -396.1310755 482.59418271 -329.28962761
v -396.1310755 498.45086429 -339.56902338
v -364.82239473 498.45086429 -339.56902338
v -364.82239473 514.14278747 -345.15481562
v -396.1310755 514.14278747 -345.15481562
v -396.1310755 521.92126483 -347.08803394
v -364.82239473 521.92126483 -347.08803394
v -408.1408571 538.39373181 -370.23664483
v -352.81261313 538.39373181 -370.23664483
v -396.1310755 482.79572961 -38.10328301
v -396.1310755 475.23572691 -37.44400077
v -396.1310755 490.35084476 -38.53438378
v -396.1310755 497.9027532 -38.8802052
v -408.1408571 515.73510884 -228.28090784
v -408.1408571 514.29110486 -179.50707051
v -408.1408571 517.85849003 -182.54988821
v -408.1408571 519.3492418 -232.15935882
v -396.1310755 499.42131722 -120.60988277
v -396.1310755 491.83241231 -119.48046888
v -396.1310755 490.94298091 -76.55855606
v -396.1310755 498.50892618 -77.27248981
v -408.1408571 514.75602566 -41.64299052
v -408.1408571 523.9315705 -42.53089856
v -408.1408571 511.27848218 -40.98493083
v -408.1408571 510.84012604 -2.81360663
v -396.1310755 484.23278457 -118.07246288
v -396.1310755 476.61295097 -115.91919616
v -396.1310755 475.7879639 -74.30748882
v -396.1310755 483.37088447 -75.66856212
v -408.1408571 524.64245629 -84.80833315
v -408.1408571 528.14438502 -42.80703863
v -408.1408571 528.86275115 -85.3782198
v -396.1310755 513.62595733 -78.43219004
v -396.1310755 512.99811816 -39.44199932
v -408.1408571 511.27848218 -40.98493083
v -408.1408571 511.94601182 -81.61731297
v -408.1408571 511.94601182 -81.61731297
v -408.1408571 515.44169884 -82.97567956
v -408.1408571 520.68850759 -359.67133719
v -408.1408571 519.02456726 -318.1083267
v -408.1408571 522.74136306 -323.22970144
v -408.1408571 524.40602468 -364.38904543
v -408.1408571 520.9886182 -279.00171958
v -408.1408571 528.71687978 -237.38392204
v -408.1408571 530.43563152 -285.19872067
v -408.1408571 527.1597465 -186.65222709
v -408.1408571 516.48589309 -129.63021407
v -408.1408571 525.7289339 -132.52771656
v -408.1408571 512.95992704 -127.48201441
v -408.1408571 531.40994489 -187.92664661
v -408.1408571 532.98668208 -239.00512139
v -408.1408571 534.01399459 -369.31324896
v -408.1408571 532.28024496 -329.82412247
v -408.1408571 536.60686236 -331.74177149
v -408.1408571 538.39373181 -370.23664483
v -408.1408571 529.96184701 -133.42840304
v -408.1408571 517.32152663 -274.37101029
v -396.1310755 517.16072825 -219.17818209
v -396.1310755 515.81605509 -172.36911653
v -408.1408571 514.29110486 -179.50707051
v -408.1408571 515.73510884 -228.28090784
v -396.1310755 514.57409316 -122.4440632
v -408.1408571 512.95992704 -127.48201441
v -396.1310755 521.92126483 -347.08803394
v -396.1310755 520.25013613 -305.76708983
v -408.1408571 519.02456726 -318.1083267
v -408.1408571 520.68850759 -359.67133719
v -408.1408571 534.72926372 -287.1044726
v -396.1310755 518.6393871 -263.4595935
v -408.1408571 517.32152663 -274.37101029
v -396.1310755 517.16072825 -219.17818209
v -396.1310755 509.53868323 -217.61830345
v -396.1310755 508.22079038 -171.14540809
v -396.1310755 515.81605509 -172.36911653
v -396.1310755 506.06978123 -77.88592416
v -396.1310755 505.45180062 -39.17736836
v -396.1310755 512.99811816 -39.44199932
v -396.1310755 513.62595733 -78.43219004
v -396.1310755 501.89925156 -215.86516271
v -396.1310755 500.61332462 -169.77064956
v -396.1310755 507.00161525 -121.58016417
v -396.1310755 514.57409316 -122.4440632
v -396.1310755 492.99247766 -168.17003711
v -396.1310755 510.98175816 -261.59611264
v -396.1310755 503.29991188 -259.4946185
v -396.1310755 494.24101467 -213.82293944
v -396.1310755 520.25013613 -305.76708983
v -396.1310755 512.54110417 -303.69968955
v -396.1310755 518.6393871 -263.4595935
v -396.1310755 521.92126483 -347.08803394
v -396.1310755 514.14278747 -345.15481562
v -396.1310755 495.5928827 -257.03692701
v -396.1310755 504.79839564 -301.32277427
v -396.1310755 506.31775301 -342.73109876
v -396.1310755 485.35481629 -166.17440083
v -396.1310755 486.55934132 -211.27631782
v -396.1310755 497.02312516 -298.48184874
v -396.1310755 487.85577711 -253.96876474
v -396.1310755 498.45086429 -339.56902338
v -396.1310755 477.68465566 -163.12251064
v -396.1310755 478.83210044 -207.38186828
v -396.1310755 480.06088509 -249.27675736
v -396.1310755 489.21340332 -294.91353196
v -396.1310755 490.55125872 -335.50484363
v -396.1310755 482.59418271 -329.28962761
v -396.1310755 481.33933261 -289.45663008
v -364.82239473 482.59428909 323.66242356
v -396.1310755 482.59428909 323.66242356
v -374.80230737 478.06068535 -206.49611929
v -385.54028939 478.06068535 -206.49611929
v -384.28592454 477.98877934 -200.19041278
v -376.0566778 477.98877934 -200.19041278
v -400.86561102 471.4671279 -183.66751543
v -407.17439461 471.48143281 -184.92231241
v -403.06342351 471.59463233 -194.84645002
v -397.71509576 471.55386334 -191.27305619
v -374.80003867 471.11227076 -152.5500761
v -376.05493921 471.18417677 -158.85847674
v -368.44890672 471.22012978 -162.00878488
v -364.87526256 471.15914318 -156.6608058
v -359.47698164 471.37328769 -175.43532719
v -359.47698015 471.4671279 -183.66755119
v -353.16818762 471.48143281 -184.92236009
v -353.1681906 471.35893509 -174.18049444
v -357.27916318 471.59463233 -194.84645002
v -362.62750137 471.55386334 -191.27305619
v -368.44890821 471.62028581 -197.0940935
v -364.87526256 471.68127241 -202.44207257
v -358.60632467 77.19789915 -188.36471443
v -357.145841 76.90814901 -188.62746358
v -360.65125573 76.99850827 -197.08976151
v -361.8893947 77.2882585 -196.29024869
v -362.63488936 477.88649923 -191.22284627
v -357.28880572 477.92722054 -194.79474998
v -364.88170433 478.01386061 -202.38713004
v -368.45384496 477.95282633 -197.04140402
v -395.46088982 478.01386061 -202.38713004
v -391.88875589 477.95282633 -197.04140402
v -400.85688937 477.70592357 -175.39176914
v -400.85689682 477.79981147 -183.62050031
v -407.16302204 477.8140687 -184.8747847
v -407.1630131 477.69161866 -174.13746092
v -397.70770627 477.88649923 -191.22284627
v -403.05378395 477.92722054 -194.79474998
v -391.89369264 471.62028581 -197.0940935
v -395.46733159 471.68127241 -202.44207257
v -400.86560506 471.37328769 -175.43532719
v -397.71507341 471.28650456 -167.82978642
v -403.0633952 471.24578325 -164.25636875
v -407.17438567 471.35893509 -174.18049444
v -359.48569733 477.70592357 -175.39179298
v -353.17956316 477.69161866 -174.13749668
v -353.17956018 477.8140687 -184.87480854
v -359.48569584 477.79981147 -183.62051223
v -395.46084511 477.49182675 -156.62512749
v -391.88872162 477.55286103 -161.97086544
v -397.70768392 477.61918813 -167.78944703
v -403.05375564 477.57846682 -164.21751947
v -391.89365837 471.22012978 -162.00876104
v -395.46728688 471.15914318 -156.66075812
v -374.80004537 471.72814483 -206.55279036
v -376.05494443 471.65619113 -200.24441355
v -384.28765829 471.65619113 -200.24441355
v -385.54255176 471.72814483 -206.55279036
v -384.28761806 471.18417677 -158.85847674
v -391.89365837 471.22012978 -162.00876104
v -392.38684657 76.94043461 -165.79471231
v -384.46080233 76.90297958 -162.51186728
v -376.05667296 477.51695571 -158.82190436
v -384.28588431 477.51695571 -158.82190436
v -385.54023686 477.44500201 -152.51617401
v -374.80230066 477.44500201 -152.51617401
v -400.86561102 471.4671279 -183.66751543
v -401.73627096 77.19789915 -188.36469059
v -401.73626202 77.10002972 -179.78615168
v -400.86560506 471.37328769 -175.43532719
v -368.24346888 421.48041448 -279.95046627
v -368.24346888 390.41207603 -279.9504612
v -392.71011683 390.41207603 -279.9504612
v -392.71011683 421.48041448 -279.95046627
v -368.24346888 390.41211866 -18.26051068
v -392.71011683 390.41211866 -18.26051068
v -392.71011683 390.41207603 -279.9504612
v -368.24346888 390.41207603 -279.9504612
v -392.71011683 421.48045711 -18.26051574
v -368.24346888 421.48045711 -18.26051574
v -368.24346888 421.48041448 -279.95046627
v -392.71011683 421.48041448 -279.95046627
v -389.00985229 421.47785891 -225.21618854
v -389.00985229 421.47785938 -222.29513179
v -388.13478458 433.2303933 -222.29513371
v -388.13478458 433.80299676 -225.21619055
v -389.00985229 421.47786033 -216.4530183
v -388.13478458 432.32203436 -216.45302006
v -389.00985229 421.47787414 -131.74199115
v -371.94342571 421.47787414 -131.74199115
v -372.81895685 433.80301199 -131.74199316
v -388.13478458 433.80301199 -131.74199316
v -371.94342571 421.47787414 -131.74199115
v -371.94342571 421.47787366 -134.66305982
v -372.81895685 433.23040757 -134.66306174
v -372.81895685 433.80301199 -131.74199316
v -371.94342571 421.47787271 -140.50519716
v -371.94342571 421.47787176 -146.34734642
v -372.81895685 431.72948919 -146.34734809
v -372.81895685 432.32204674 -140.50519892
v -388.13478458 433.23040757 -134.66306174
v -388.13478458 432.32204674 -140.50519892
v -389.00985229 421.47787271 -140.50519716
v -389.00985229 421.47787366 -134.66305982
v -372.81895685 431.72947872 -210.61085879
v -371.94342571 421.47786129 -210.61085712
v -371.94342571 421.47786033 -216.4530183
v -372.81895685 432.32203436 -216.45302006
v -388.13478458 433.2303933 -222.29513371
v -388.13478458 432.32203436 -216.45302006
v -372.81895685 432.32203436 -216.45302006
v -372.81895685 433.2303933 -222.29513371
v -372.81895685 433.80299676 -225.21619055
v -388.13478458 433.80299676 -225.21619055
v -372.81895685 431.45272189 -204.76872141
v -371.94342571 421.47786224 -204.76871978
v -388.13478458 431.72947872 -210.61085879
v -372.81895685 431.72947872 -210.61085879
v -388.13478458 432.32204674 -140.50519892
v -372.81895685 432.32204674 -140.50519892
v -372.81895685 431.72948919 -146.34734809
v -388.13478458 431.7294877 -146.34734809
v -372.81895685 431.45273046 -152.18946154
v -388.13478458 431.45273046 -152.18947346
v -388.13478458 433.23040757 -134.66306174
v -372.81895685 433.23040757 -134.66306174
v -389.00985229 421.47786129 -210.61085712
v -388.13478458 431.72947872 -210.61085879
v -372.81895685 433.2303933 -222.29513371
v -371.94342571 421.47785938 -222.29513179
v -371.94342571 421.47785891 -225.21618854
v -372.81895685 433.80299676 -225.21619055
v -398.45318156 77.00962269 -171.86065318
v -401.73626202 77.10002972 -179.78615168
v -403.19674718 76.81027968 -179.46792243
v -399.69131905 76.71987273 -171.00567219
v -372.81895685 433.80299676 -225.21619055
v -371.94342571 421.47785891 -225.21618854
v -389.00985229 421.47785891 -225.21618854
v -388.13478458 433.80299676 -225.21619055
v -389.00985229 421.47786224 -204.76871978
v -388.13478458 431.45272189 -204.76872141
v -407.17438567 471.35893509 -174.18049444
v -403.0633952 471.24578325 -164.25636875
v -403.05375564 477.57846682 -164.21751947
v -407.1630131 477.69161866 -174.13746092
v -388.13478458 431.7294877 -146.34734809
v -388.13478458 431.45273046 -152.18947346
v -389.00985229 421.4778708 -152.18945991
v -389.00985229 421.47787176 -146.34734642
v -372.81895685 431.45273046 -152.18946154
v -371.94342571 421.4778708 -152.18947183
v -368.24346888 421.48045711 -18.26051574
v -368.24346888 390.41211866 -18.26051068
v -368.24346888 390.41207603 -279.9504612
v -368.24346888 421.48041448 -279.95046627
v -388.13478458 433.80301199 -131.74199316
v -372.81895685 433.80301199 -131.74199316
v -372.81895685 431.45272189 -204.76872141
v -388.13478458 431.45272189 -204.76872141
v -362.62750137 471.55386334 -191.27305619
v -361.8893947 77.2882585 -196.29024869
v -367.9557215 77.35747043 -202.35616572
v -368.44890821 471.62028581 -197.0940935
v -376.05494443 471.65619113 -200.24441355
v -375.88176164 77.39492545 -205.63903459
v -384.46084443 77.39492545 -205.63903459
v -384.28765829 471.65619113 -200.24441355
v -368.44890672 471.22012978 -162.00878488
v -376.05493921 471.18417677 -158.85847674
v -375.8817568 76.90297958 -162.51186728
v -367.9557215 76.94043461 -165.79473615
v -385.54023686 477.44500201 -152.51617401
v -385.54249886 471.11227076 -152.5500761
v -374.80003867 471.11227076 -152.5500761
v -374.80230066 477.44500201 -152.51617401
v -361.8893947 77.00962269 -171.86067702
v -362.62750137 471.28650456 -167.82981026
v -358.60632467 77.10002972 -179.78617552
v -359.47698164 471.37328769 -175.43532719
v -391.89369264 471.62028581 -197.0940935
v -392.38688233 77.35747043 -202.35616572
v -398.45320541 77.2882585 -196.29024869
v -397.71509576 471.55386334 -191.27305619
v -398.45318156 77.00962269 -171.86065318
v -397.71507341 471.28650456 -167.82978642
v -358.60632467 77.19789915 -188.36471443
v -359.47698015 471.4671279 -183.66755119
v -374.80230737 478.06068535 -206.49611929
v -374.80004537 471.72814483 -206.55279036
v -385.54255176 471.72814483 -206.55279036
v -385.54028939 478.06068535 -206.49611929
v -358.60632467 77.19789915 -188.36471443
v -359.47698015 471.4671279 -183.66755119
v -362.63488936 477.61918813 -167.78945895
v -357.28880572 477.57846682 -164.21754331
v -395.46728688 471.15914318 -156.66075812
v -395.46084511 477.49182675 -156.62512749
v -364.88170433 478.01386061 -202.38713004
v -364.87526256 471.68127241 -202.44207257
v -407.17439461 471.48143281 -184.92231241
v -407.16302204 477.8140687 -184.8747847
v -353.17956018 477.8140687 -184.87480854
v -353.16818762 471.48143281 -184.92236009
v -357.27916318 471.59463233 -194.84645002
v -357.28880572 477.92722054 -194.79474998
v -353.17956316 477.69161866 -174.13749668
v -353.1681906 471.35893509 -174.18049444
v -353.16818762 471.48143281 -184.92236009
v -353.17956018 477.8140687 -184.87480854
v -403.06342351 471.59463233 -194.84645002
v -403.05378395 477.92722054 -194.79474998
v -364.88170284 477.49182675 -156.62515133
v -364.87526256 471.15914318 -156.6608058
v -357.27916318 471.24578325 -164.25639259
v -357.28880572 477.57846682 -164.21754331
v -375.5912486 76.61322973 -161.02374191
v -384.75130829 76.61322973 -161.02374191
v -384.78477965 5.10699163 -161.72983073
v -375.55777761 5.10699163 -161.72983073
v -395.46733159 471.68127241 -202.44207257
v -395.46088982 478.01386061 -202.38713004
v -399.69131905 76.71987273 -171.00567219
v -399.83397084 5.2144214 -171.78470516
v -393.30946016 5.14470887 -165.26061915
v -393.2141434 76.65068471 -164.52891226
v -362.62750137 471.28650456 -167.82981026
v -357.27916318 471.24578325 -164.25639259
v -364.88170284 477.49182675 -156.62515133
v -368.45384347 477.55286103 -161.97088928
v -384.28761806 471.18417677 -158.85847674
v -385.54249886 471.11227076 -152.5500761
v -401.73627096 77.19789915 -188.36469059
v -403.19675463 76.90814901 -188.62745166
v -375.8817568 76.90297958 -162.51186728
v -375.5912486 76.61322973 -161.02374191
v -367.12842393 76.65068471 -164.52893611
v -367.9557215 76.94043461 -165.79473615
v -367.03310567 5.14470887 -165.260643
v -367.12842393 76.65068471 -164.52893611
v -384.46080233 76.90297958 -162.51186728
v -384.75130829 76.61322973 -161.02374191
v -384.46084443 77.39492545 -205.63903459
v -375.88176164 77.39492545 -205.63903459
v -375.59125382 77.10517512 -207.07166794
v -384.75135337 77.10517512 -207.07166794
v -389.00985229 421.47787414 -131.74199115
v -388.13478458 433.80301199 -131.74199316
v -392.38684657 76.94043461 -165.79471231
v -393.2141434 76.65068471 -164.52891226
v -361.8893947 77.00962269 -171.86067702
v -360.65125573 76.71987273 -171.00569603
v -358.60632467 77.10002972 -179.78617552
v -357.145841 76.81027968 -179.46794628
v -384.75135337 77.10517512 -207.07166794
v -384.78482473 5.60251324 -208.11426074
v -393.30949742 5.564796 -204.58344847
v -393.21418065 77.06772013 -203.56648567
v -375.5577832 5.60251324 -208.11426074
v -375.59125382 77.10517512 -207.07166794
v -399.69134438 76.99850827 -197.08976151
v -399.83399618 5.49508347 -198.05941014
v -403.36502451 5.40405665 -189.53526643
v -403.19675463 76.90814901 -188.62745166
v -360.50860542 5.49508347 -198.05941014
v -367.03310716 5.564796 -204.58344847
v -367.12842393 77.06772013 -203.56648567
v -360.65125573 76.99850827 -197.08976151
v -403.19674718 76.81027968 -179.46792243
v -403.36501557 5.30544822 -180.30881311
v -356.97757113 5.40405665 -189.53529027
v -357.145841 76.90814901 -188.62746358
v -360.50860542 5.2144214 -171.78472901
v -356.97757113 5.30544822 -180.30882503
v -357.145841 76.81027968 -179.46794628
v -360.65125573 76.71987273 -171.00569603
v -357.145841 76.90814901 -188.62746358
v -356.97757113 5.40405665 -189.53529027
v -367.9557215 77.35747043 -202.35616572
v -367.12842393 77.06772013 -203.56648567
v -393.21418065 77.06772013 -203.56648567
v -399.69134438 76.99850827 -197.08976151
v -398.45320541 77.2882585 -196.29024869
v -392.38688233 77.35747043 -202.35616572
v -358.60632467 77.19789915 -188.36471443
v -357.145841 76.90814901 -188.62746358
v -392.71011683 421.48045711 -18.26051574
v -392.71011683 390.41211866 -18.26051068
v -392.71011683 421.48041448 -279.95046627
v -392.71011683 390.41207603 -279.9504612
v -368.24346888 421.48045711 -18.26051574
v -392.71011683 421.48045711 -18.26051574
v -392.71011683 476.86347328 -18.26052476
v -368.24346888 476.86347328 -18.26052476
v -368.24346888 476.86347328 -18.26052476
v -392.71011683 476.86347328 -18.26052476
v -368.24346888 476.86347328 -18.26052476
v -392.71011683 476.86347328 -18.26052476
v -352.81261313 527.67774677 -2.81360937
v -364.82239473 506.31775301 -342.73109876
v -396.1310755 506.31775301 -342.73109876
v -364.82239473 506.31775301 -342.73109876
v -352.81261313 523.93158344 36.90368105
v -352.81261313 528.14439805 37.17981974
vn -0 0.01141 0.99994
vn -0 0.01141 0.99993
vn 0 0.01141 0.99993
vn 0 0.01141 0.99994
vn 0 -0.0114 -0.99993
vn 0 -0.01141 -0.99993
vn 0 -0.01141 -0.99993
vn 0 -0.0114 -0.99993
vn 0 -0.0114 -0.99994
vn 0 -0.0114 -0.99994
vn 0 -0.0114 -0.99994
vn 0 -0.0114 -0.99994
vn -0 -0.0114 -0.99993
vn -0 -0.0114 -0.99994
vn -0 -0.0114 -0.99994
vn -0 -0.0114 -0.99994
vn -0 -0.01141 -0.99994
vn 0 -0.01141 -0.99994
vn 0 -0.01141 -0.99993
vn -0 -0.01141 -0.99993
vn 0.18595 -0.06566 0.98036
vn 0.18472 -0.0657 0.98059
vn 0.18351 -0.06551 0.98083
vn 0 0.01141 0.99993
vn -0 0.01141 0.99993
vn -0 0.01141 0.99993
vn 0 0.01141 0.99994
vn 0 0.01141 0.99993
vn 0 0.01141 0.99993
vn -0 0.01141 0.99993
vn -0 0.01141 0.99994
vn -0 0.0114 0.99993
vn -0 0.0114 0.99993
vn -0 0.0114 0.99993
vn -0 0.01141 0.99993
vn -0 -0.01141 -0.99994
vn -0 -0.01141 -0.99994
vn 0 -0.0114 -0.99994
vn 0 -0.0114 -0.99994
vn -0 -0.0114 -0.99993
vn -0 -0.0114 -0.99994
vn 0 0.01141 0.99993
vn 0 0.0114 0.99993
vn 0 0.0114 0.99994
vn 0 0.01141 0.99993
vn -0 0.01141 0.99993
vn -0 0.01141 0.99993
vn -0 0.01141 0.99993
vn -0 0.01141 0.99993
vn -0 -0.0114 -0.99994
vn -0 -0.0114 -0.99994
vn 0 -0.0114 -0.99994
vn -0 -0.0114 -0.99994
vn -0 -0.0114 -0.99994
vn 0 -0.0114 -0.99993
vn -0.12807 0.63574 -0.76121
vn -0.14145 0.71825 0.68126
vn -0.40331 0.61081 0.68136
vn -0.36322 0.53493 -0.76284
vn 0 0.01141 0.99993
vn 0 0.01141 0.99993
vn -0 0.01141 0.99993
vn -0 0.01141 0.99993
vn -0.64124 -0.1361 -0.75517
vn -0.64121 0.11907 -0.75807
vn -0.71529 0.14968 0.68261
vn -0.71728 -0.13529 0.68353
vn 0 -1 0
vn 0 0 -1
vn 0 0 1
vn -0.99734 0.00711 0.07249
vn -0.99743 0.01247 0.07061
vn -0.99715 0.01343 0.07425
vn -0.99675 0.00012 0.08059
vn -0.99678 0.01016 0.07949
vn 0 1 -0
vn 0.99734 -0.00711 0.07253
vn 0.99742 -0.01248 0.07065
vn 0.99715 -0.01343 0.07429
vn 0.99678 -0.01011 0.07954
vn 0.99674 -0.00017 0.08062
vn 0.99639 -0.00029 0.0849
vn 0.99643 -0.00594 0.08423
vn -0.99703 -0.00353 0.07687
vn -0.99715 -0.01295 0.07429
vn -0.99679 -0.00959 0.07954
vn -0.99675 0.00041 0.08059
vn 0.99638 -0.00086 0.08498
vn 0.99674 -0.00085 0.08064
vn 0.99678 0.01011 0.07953
vn 0.99643 0.00594 0.08423
vn 0 0.15364 0.98813
vn 0 0.19236 0.98132
vn 0.99619 -0.0008 0.08716
vn 0.99622 0.00102 0.08684
vn 0 0.10091 0.9949
vn -0 -0.10091 0.9949
vn -0 -0.04732 0.99888
vn 0 -0.15364 0.98813
vn -0.99639 0.00029 0.08486
vn -0.99643 0.00593 0.08418
vn 0.99703 0.00354 0.07691
vn 0.99734 0.00711 0.07253
vn 0.99715 0.01343 0.07429
vn -0.17528 0.08393 0.98093
vn -0.17455 0.08313 0.98113
vn -0.17359 0.08244 0.98136
vn -0.99617 0.00111 0.08745
vn -0.99623 0.00102 0.0868
vn -0.6939 0.13031 -0.70818
vn -0.69244 0.14541 0.70667
vn -0.58656 0.39963 0.70445
vn -0.58862 0.38554 -0.71056
vn -0.99639 0.00029 0.0849
vn -0.99643 -0.00531 0.08424
vn -0.99623 -0.00102 0.0868
vn -0.9962 0.00027 0.08707
vn 0.99617 -0.0011 0.08745
vn 0.99622 -0.00102 0.08684
vn 1 0 0
vn 0 -0.19236 0.98132
vn 0 0.04732 0.99888
vn 0.5436 -0.37187 -0.75247
vn 0.3632 -0.55226 -0.7504
vn 0.4076 -0.6028 0.68593
vn 0.60881 -0.39937 0.68546
vn 0.12713 -0.64795 -0.751
vn -0.12772 -0.64982 -0.74928
vn -0.14396 -0.71593 0.68317
vn 0.14322 -0.71332 0.68605
vn 0.36325 0.5349 -0.76284
vn 0.40288 0.61033 0.68205
vn 0.14137 0.71808 0.68145
vn 0.12759 0.63252 -0.76396
vn -0.13751 0.69913 0.70165
vn 0.13752 0.69916 0.70161
vn 0.13816 0.68703 -0.71337
vn -0.13817 0.68703 -0.71337
vn 0.54363 0.35453 -0.76077
vn 0.60396 0.41107 0.68282
vn 0.64122 0.11884 -0.7581
vn 0.71423 0.14937 0.68379
vn -0.36328 -0.55221 -0.7504
vn -0.54366 -0.37179 -0.75247
vn -0.60961 -0.3999 0.68444
vn -0.40808 -0.60325 0.68524
vn -0.54353 0.35468 -0.76077
vn -0.60476 0.41154 0.68184
vn 0.71618 -0.13514 0.6847
vn 0.64122 -0.13622 -0.75517
vn 0.13793 -0.68588 0.71452
vn -0.13782 -0.68586 0.71456
vn -0.13778 -0.70036 -0.70037
vn 0.13779 -0.70036 -0.70037
vn 0 0.01141 0.99993
vn 0 0.01141 0.99994
vn -0.3934 0.58114 -0.7124
vn -0.39176 0.59402 0.70262
vn 0.3927 -0.58011 0.71362
vn 0.39249 -0.595 -0.70138
vn -0.69347 -0.1458 -0.70558
vn -0.69291 -0.12991 0.70922
vn 0.69252 -0.13018 0.70956
vn 0.58747 -0.38503 0.71178
vn 0.58766 -0.40018 -0.70321
vn 0.69337 -0.14555 -0.70573
vn 0.69217 0.14528 0.70696
vn 0.69375 0.13034 -0.70833
vn -0.58761 -0.40025 -0.70321
vn -0.58771 -0.38493 0.71163
vn 0.39176 0.59392 0.70269
vn 0.58646 0.39958 0.70456
vn 0.5886 0.38556 -0.71056
vn 0.39346 0.5811 -0.7124
vn 0.14859 0.75366 0.64025
vn 0.13736 0.68306 -0.71733
vn -0.13778 0.68449 -0.71588
vn -0.14841 0.75369 0.64025
vn -0.39276 -0.58007 0.71362
vn -0.39254 -0.59496 -0.70138
vn -0.63431 0.431 0.64179
vn -0.4231 0.64055 0.64085
vn -0.39197 0.57856 -0.71528
vn -0.58561 0.38355 -0.71411
vn 0 -0.0114 -0.99994
vn 0 -0.0114 -0.99994
vn 0 0.01141 0.99993
vn 0 0.01141 0.99993
vn -0 -0.0114 -0.99994
vn -0 -0.0114 -0.99994
vn -0.19541 0.01127 0.98066
vn -0.19443 0.01082 0.98086
vn -0.19319 0.01052 0.9811
vn 0.0694 0.17837 0.98151
vn 0.42307 0.64057 0.64085
vn 0.3921 0.57874 -0.71506
vn 0 0.19112 0.98157
vn 0 -0.19823 0.98016
vn -0.99734 -0.00711 0.07249
vn -0.13059 0.14181 0.98124
vn -0.13036 0.1412 0.98136
vn -0.12987 0.14039 0.98154
vn -0.0694 0.17837 0.98151
vn -0.06931 0.17781 0.98162
vn 0.13036 0.1412 0.98136
vn 0.13001 0.14063 0.98149
vn 0.13063 0.1419 0.98122
vn 0.17456 0.08313 0.98113
vn 0.17369 0.08249 0.98134
vn 0.17537 0.08399 0.98091
vn -0.15023 -0.74747 0.64708
vn -0.42706 -0.63185 0.64683
vn -0.38864 -0.58956 -0.70808
vn -0.13644 -0.69353 -0.70739
vn 0.1364 -0.69354 -0.70739
vn 0.14993 -0.7465 0.64827
vn -0.63799 -0.41896 0.6461
vn -0.75093 -0.14197 0.64494
vn -0.68822 -0.14487 -0.7109
vn -0.58243 -0.39707 -0.7093
vn 0.58274 -0.39727 -0.70894
vn 0.63867 -0.41945 0.64511
vn 0.42737 -0.63233 0.64615
vn 0.38885 -0.58973 -0.70782
vn -0.74966 0.15656 0.64304
vn -0.68961 0.12916 -0.71257
vn 0.68822 -0.14484 -0.7109
vn 0.75137 -0.14214 0.64439
vn 0.58603 0.38352 -0.71378
vn 0.63427 0.431 0.64183
vn 0.74969 0.15639 0.64304
vn 0.68961 0.12916 -0.71257
vn 0.0799 -0.18159 0.98012
vn 0.07956 -0.18127 0.98021
vn -0.14411 -0.13353 0.98051
vn -0.14475 -0.13393 0.98036
vn -0.14572 -0.1343 0.98017
vn -0.1859 -0.06566 0.98037
vn -0.18472 -0.0657 0.98059
vn -0.18365 -0.06553 0.9808
vn -0.07956 -0.18128 0.98021
vn -0.07997 -0.18166 0.9801
vn 0.14563 -0.13426 0.98019
vn 0.14475 -0.13393 0.98036
vn 0.14411 -0.13353 0.98051
vn 0.19439 0.01082 0.98087
vn 0.1932 0.01054 0.9811
vn 0.19555 0.01134 0.98063
vn -1 0 0
vn 1 -0 0
vn 1 -0 0
vn 1 -0 0
vn 1 -0 0
vn 1 -0 0
vn 1 0 0
vn 1 -0 0
vn 1 0 0
vn 1 0 0
vn 1 -0 0
vn 1 0 0
vn 1 -0 0
vn 1 -0 0
vn 1 -0 0
vn 1 -0 0
vn 1 -0 0
vn 1 -0 0
vn 1 -0 0
vn 1 -0 0
vn 1 0 0
vn 1 -0 0
vn 1 -0 0
vn 1 -0 0
vn 0 -0.88993 -0.4561
vn -0.14317 -0.01841 -0.98953
vn -0.14327 -0.01318 -0.9896
vn -0.1433 -0.01423 -0.98958
vn -0.14315 -0.0193 -0.98951
vn 1 -0 0
vn 1 -0 0
vn 1 -0 0
vn 1 0 0
vn 1 -0 0
vn 1 -0 0
vn 1 0 0
vn 1 0 0
vn 1 -0 0
vn 0 -0.03056 -0.99953
vn 0 -0.03164 -0.9995
vn 1 -0 0
vn 1 -0 0
vn 1 0 0
vn 1 -0 0
vn 1 -0 0
vn 1 0 0
vn 1 0 0
vn 1 -0 0
vn 1 -0 0
vn 1 0 0
vn 1 -0 0
vn 1 -0 0
vn -0.14099 -0.03019 -0.98955
vn -0.14169 -0.02627 -0.98956
vn -0.14138 -0.02758 -0.98957
vn -0.14104 -0.03184 -0.98949
vn 1 0 0
vn 1 0 0
vn -0.14268 -0.02287 -0.98951
vn -0.1424 -0.02371 -0.98952
vn 8E-05 0.01385 0.9999
vn -0.00012 0.01458 0.99989
vn 0 -0.01283 -0.99992
vn -0.00013 -0.01735 -0.99985
vn 0.00017 -0.01757 -0.99985
vn -0.00024 -0.02126 -0.99977
vn 0.00034 -0.02126 -0.99977
vn -7E-05 -0.02448 -0.9997
vn 0 -0.02416 -0.99971
vn 4E-05 0.03305 0.99945
vn -0.00032 0.03395 0.99942
vn -0.00025 0.02906 0.99958
vn 2E-05 0.02823 0.9996
vn 8E-05 0.03869 0.99925
vn -0.00034 0.03952 0.99922
vn 0 0.0975 -0.99524
vn -0.1423 -0.0397 -0.98903
vn -0.14182 -0.03885 -0.98913
vn -0.14231 -0.03889 -0.98906
vn -0.14251 -0.0398 -0.98899
vn 1 -0 0
vn 1 0 0
vn 1 -0 0
vn 1 -0 0
vn 1 -0 0
vn -0.14111 -0.03515 -0.98937
vn -0.14147 -0.0364 -0.98927
vn 1 0 0
vn 1 -0 0
vn 1 0 0
vn 1 0 0
vn 1 0 0
vn 1 0 0
vn 1 0 0
vn 1 0 0
vn 1 0 0
vn 1 0 0
vn 1 0 0
vn 1 0 0
vn 1 0 0
vn 1 0 0
vn 1 0 0
vn 1 0 0
vn 1 0 0
vn 1 0 0
vn 1 0 0
vn 0.00024 0.01951 0.99981
vn -0.00015 0.02017 0.9998
vn 0.00013 0.02415 0.99971
vn -0.00034 0.02512 0.99968
vn -0.14334 -0.01131 -0.98961
vn -0.14334 -0.01179 -0.9896
vn 0.00054 0.04359 0.99905
vn -0.00106 0.04502 0.99899
vn -0.00025 0.04486 0.99899
vn 0.00151 0.04612 0.99893
vn 0 -0.02728 -0.99963
vn -0.00016 -0.02772 -0.99962
vn 0 -0.61893 -0.78545
vn 0 -0.01068 -0.99994
vn 0 -0.78808 -0.61557
vn 0 -0.88922 -0.45748
vn 0 -0.92785 -0.37295
vn 0 -0.97048 -0.2412
vn 0 -0.97849 -0.2063
vn 0 0.03164 -0.9995
vn 0 0.03149 -0.9995
vn 0 -0.95523 -0.29587
vn -1 -0 0
vn -1 -0 0
vn -1 0 0
vn -1 -0 0
vn -1 0 0
vn -1 0 0
vn -1 0 0
vn -1 -0 0
vn -1 0 0
vn -1 0 0
vn -1 0 0
vn -1 0 0
vn -1 -0 0
vn -1 -0 0
vn -1 -0 0
vn -1 0 0
vn -1 -0 0
vn -1 -0 0
vn -1 -0 0
vn -1 -0 0
vn -1 -0 0
vn -1 0 0
vn -1 0 0
vn -1 -0 0
vn -1 -0 0
vn -1 -0 0
vn -1 0 0
vn -1 -0 0
vn 0.14317 -0.01841 -0.98953
vn 0.14315 -0.0193 -0.98951
vn 0.1433 -0.01356 -0.98959
vn 0.14327 -0.01385 -0.98959
vn -1 0 0
vn -1 0 0
vn -1 -0 0
vn -1 0 0
vn -1 -0 0
vn -1 -0 0
vn -1 -0 0
vn -1 0 0
vn -1 0 0
vn -1 -0 0
vn -1 -0 0
vn -1 -0 0
vn -1 -0 0
vn -1 -0 0
vn -1 -0 0
vn -1 -0 0
vn 0.14099 -0.03033 -0.98955
vn 0.14104 -0.03251 -0.98947
vn 0.14138 -0.02758 -0.98957
vn 0.14169 -0.02627 -0.98956
vn 0.1424 -0.02371 -0.98952
vn 0.14268 -0.02287 -0.98951
vn 0.14229 -0.03972 -0.98903
vn 0.14251 -0.0398 -0.98899
vn 0.14231 -0.03985 -0.98902
vn 0.14182 -0.03818 -0.98916
vn -1 -0 0
vn -1 0 0
vn -1 -0 0
vn -1 0 0
vn -1 0 0
vn -1 -0 0
vn 0.14147 -0.03736 -0.98924
vn 0.14111 -0.03439 -0.9894
vn -1 0 0
vn -1 0 0
vn -1 -0 0
vn -1 0 0
vn -1 -0 0
vn -1 0 0
vn -1 -0 0
vn -1 0 0
vn -1 -0 0
vn -1 -0 0
vn -1 0 0
vn -1 0 0
vn -1 -0 0
vn -1 0 0
vn -1 0 0
vn -1 -0 0
vn -1 -0 0
vn -1 0 0
vn -1 0 0
vn -1 -0 0
vn -1 0 0
vn -1 0 0
vn -1 0 0
vn -1 -0 0
vn -1 0 0
vn -1 0 0
vn -1 0 0
vn -1 0 0
vn 0.14381 -0.01131 -0.98954
vn 0.14334 -0.01131 -0.98961
vn 1 0 0
vn 1 0 0
vn 1 0 0
vn 1 0 0
vn 1 0 0
vn 1 0 0
vn 1 0 0
vn 1 0 0
vn 1 0 0
vn 1 0 0
vn 1 0 0
vn 1 -0 0
vn 1 0 0
vn 1 0 0
vn 1 -0 0
vn 1 -0 0
vn 0 0.88993 -0.4561
vn -0.14317 0.01841 -0.98953
vn -0.14315 0.0193 -0.98951
vn -0.1433 0.01356 -0.98959
vn -0.14327 0.01385 -0.98959
vn 1 -0 0
vn 1 -0 0
vn 0 0.03056 -0.99953
vn 1 -0 0
vn 1 0 0
vn 1 0 0
vn 1 0 0
vn 1 0 0
vn 1 -0 0
vn 1 0 0
vn 1 0 0
vn 1 0 0
vn 1 0 0
vn 1 -0 0
vn 1 0 0
vn -0.14099 0.03033 -0.98955
vn -0.14104 0.03251 -0.98947
vn -0.14138 0.02758 -0.98957
vn -0.14169 0.02627 -0.98956
vn -0.1424 0.02371 -0.98952
vn -0.14268 0.02287 -0.98951
vn -0.00012 -0.01396 0.9999
vn 8E-05 -0.01469 0.99989
vn 0 0.01283 -0.99992
vn 0.00017 0.01723 -0.99985
vn -0.00013 0.01746 -0.99985
vn 0.00034 0.02126 -0.99977
vn -0.00024 0.02126 -0.99977
vn 0 0.02445 -0.9997
vn -7E-05 0.02413 -0.99971
vn 4E-05 -0.03401 0.99942
vn 2E-05 -0.02919 0.99957
vn -0.00025 -0.02836 0.9996
vn -0.00032 -0.03311 0.99945
vn 8E-05 -0.03954 0.99922
vn -0.00034 -0.03871 0.99925
vn 0 -0.0975 -0.99524
vn -0.14229 0.03972 -0.98903
vn -0.14251 0.0398 -0.98899
vn -0.14231 0.03985 -0.98902
vn -0.14182 0.03818 -0.98916
vn 1 0 0
vn 1 -0 0
vn 1 0 0
vn 1 0 0
vn 1 0 0
vn 1 -0 0
vn -0.14147 0.03736 -0.98924
vn -0.14111 0.03439 -0.9894
vn 1 0 0
vn 1 -0 0
vn 1 0 0
vn 1 0 0
vn 1 0 0
vn 1 -0 0
vn 1 -0 0
vn 1 0 0
vn 1 0 0
vn 1 0 0
vn 1 -0 0
vn 1 -0 0
vn 1 -0 0
vn 1 -0 0
vn 1 -0 0
vn 1 -0 0
vn 1 -0 0
vn 1 -0 0
vn 1 0 0
vn 1 -0 0
vn 1 -0 0
vn 1 -0 0
vn 1 0 0
vn 1 -0 0
vn 1 -0 0
vn 1 -0 0
vn 1 0 0
vn 1 -0 0
vn 0.00024 -0.02023 0.9998
vn -0.00015 -0.01957 0.99981
vn -0.00034 -0.02431 0.9997
vn 0.00013 -0.02528 0.99968
vn 0.00054 -0.04481 0.999
vn -0.00106 -0.04338 0.99906
vn -0.00151 -0.04612 0.99893
vn 0 -0.04637 0.99892
vn 0 0.02795 -0.99961
vn -0.00016 0.02751 -0.99962
vn 0 0.61893 -0.78545
vn 0 0.78808 -0.61557
vn 0 0.88922 -0.45748
vn 0 0.97048 -0.2412
vn 0 0.97849 -0.2063
vn -1 0 0
vn -1 0 0
vn -1 0 0
vn -1 -0 0
vn -1 0 0
vn -1 0 0
vn -1 -0 0
vn -1 0 0
vn -1 0 0
vn -1 -0 0
vn -1 0 0
vn -1 -0 0
vn -1 -0 0
vn -1 -0 0
vn -1 -0 0
vn -1 -0 0
vn -1 0 0
vn -1 0 0
vn -1 -0 0
vn -1 -0 0
vn -1 -0 0
vn 0.14317 0.01841 -0.98953
vn 0.14327 0.01318 -0.9896
vn 0.1433 0.01423 -0.98958
vn 0.14315 0.0193 -0.98951
vn -1 -0 0
vn -1 -0 0
vn -1 -0 0
vn -1 0 0
vn -1 0 0
vn -1 0 0
vn -1 -0 0
vn -1 0 0
vn -1 -0 0
vn -1 -0 0
vn -1 -0 0
vn -1 0 0
vn -1 0 0
vn -1 0 0
vn -1 0 0
vn -1 0 0
vn -1 0 0
vn 0.14099 0.03019 -0.98955
vn 0.14169 0.02627 -0.98956
vn 0.14138 0.02758 -0.98957
vn 0.14104 0.03184 -0.98949
vn 0.14268 0.02287 -0.98951
vn 0.1424 0.02371 -0.98952
vn 0.1423 0.0397 -0.98903
vn 0.14182 0.03885 -0.98913
vn 0.14231 0.03889 -0.98906
vn 0.14251 0.0398 -0.98899
vn -1 0 0
vn 0.14111 0.03516 -0.98937
vn 0.14147 0.0364 -0.98927
vn -1 -0 0
vn -1 -0 0
vn -1 0 0
vn -1 -0 0
vn -1 -0 0
vn -1 0 0
vn -1 -0 0
vn -1 -0 0
vn -1 0 0
vn -1 -0 0
vn -1 0 0
vn -1 0 0
vn -1 0 0
vn -1 -0 0
vn -1 -0 0
vn -1 -0 0
vn -1 -0 0
vn -1 -0 0
vn -1 -0 0
vn -1 0 0
vn -1 0 0
vn -1 -0 0
vn -1 0 0
vn -1 -0 0
vn -1 0 0
vn -1 -0 0
vn -1 -0 0
vn -1 -0 0
vn -1 0 0
vn -1 -0 0
vn -1 -0 0
vn 0.14334 0.01131 -0.98961
vn 0.14334 0.01179 -0.9896
vn 0 -0.03149 -0.9995
vn -0 -0.01141 0.99994
vn 0 -0.01141 0.99994
vn 0 -0.01141 0.99993
vn -0 -0.01141 0.99993
vn 0 0.0114 -0.99993
vn 0 0.0114 -0.99993
vn 0 0.01141 -0.99993
vn 0 0.01141 -0.99994
vn 0 0.0114 -0.99994
vn 0 0.0114 -0.99994
vn 0 0.0114 -0.99994
vn 0 0.0114 -0.99994
vn -0 0.0114 -0.99993
vn -0 0.0114 -0.99993
vn -0 0.0114 -0.99994
vn -0 0.0114 -0.99994
vn -0 0.01141 -0.99994
vn -0 0.01141 -0.99993
vn 0 0.01141 -0.99993
vn 0 0.01141 -0.99994
vn 0.18402 0.06673 0.98065
vn 0.18472 0.0657 0.98059
vn 0.18561 0.06483 0.98048
vn 0 -0.01141 0.99993
vn 0 -0.01141 0.99994
vn -0 -0.01141 0.99993
vn -0 -0.01141 0.99994
vn 0 -0.01141 0.99993
vn 0 -0.01141 0.99994
vn -0 -0.01141 0.99993
vn -0 -0.0114 0.99993
vn -0 -0.0114 0.99993
vn -0 -0.01141 0.99994
vn -0 -0.0114 0.99993
vn -0 -0.01141 0.99993
vn -0 0.01141 -0.99993
vn -0 0.01141 -0.99994
vn 0 0.0114 -0.99993
vn -0 0.0114 -0.99994
vn -0 0.0114 -0.99993
vn 0 0.0114 -0.99994
vn 0 -0.01141 0.99993
vn 0 -0.01141 0.99993
vn 0 -0.0114 0.99994
vn 0 -0.0114 0.99993
vn -0 -0.01141 0.99993
vn -0 -0.01141 0.99993
vn -0 -0.01141 0.99993
vn -0 -0.01141 0.99993
vn -0 0.0114 -0.99994
vn -0 0.0114 -0.99994
vn 0 0.0114 -0.99994
vn 0 0.0114 -0.99993
vn -0 0.0114 -0.99993
vn -0 0.0114 -0.99994
vn -0.12827 -0.6357 -0.76121
vn -0.36321 -0.53493 -0.76284
vn -0.40274 -0.61119 0.68136
vn -0.14119 -0.7183 0.68126
vn 0 -0.01141 0.99993
vn -0 -0.01141 0.99993
vn -0 -0.01141 0.99993
vn 0 -0.01141 0.99993
vn -0.64122 0.13622 -0.75517
vn -0.71743 0.13453 0.68352
vn -0.71514 -0.15043 0.6826
vn -0.64127 -0.1188 -0.75807
vn 0 1 0
vn -0.99734 -0.00711 0.07249
vn -0.99724 0.00032 0.07425
vn -0.99734 0.00025 0.07284
vn -0.99684 -4E-05 0.07949
vn -0.9968 -0.01028 0.07929
vn 0 -1 -0
vn 0.99734 0.00711 0.07253
vn 0.99724 -0.00032 0.07429
vn 0.99734 -0.00025 0.07288
vn 0.99683 9E-05 0.07954
vn 0.99645 0.0003 0.08423
vn 0.99641 0.00609 0.08447
vn 0.9968 0.01023 0.07934
vn -0.99708 0.01029 0.07569
vn -0.9968 0.01079 0.07916
vn -0.99683 0.00061 0.07954
vn -0.99724 0.00016 0.07429
vn 0.99641 -0.00724 0.08438
vn 0.99645 -0.0003 0.08423
vn 0.99683 -9E-05 0.07954
vn 0.9968 -0.01122 0.07909
vn 0 -0.15364 0.98813
vn 0.9962 -0.00289 0.08707
vn 0.99622 -0.00102 0.08684
vn 0 -0.10091 0.9949
vn -0 0.10091 0.9949
vn -0 0.04732 0.99888
vn 0 0.15364 0.98813
vn -0.99645 -0.0003 0.08418
vn -0.99641 -0.00609 0.08443
vn 0.99708 -0.01029 0.07573
vn 0.99724 0.00032 0.07429
vn 0.99734 -0.00711 0.07253
vn -0.17473 -0.08205 0.98119
vn -0.17454 -0.08313 0.98114
vn -0.17454 -0.08432 0.98103
vn 0 1 -0
vn -0.99623 -0.00102 0.0868
vn -0.99617 -0.001 0.08746
vn -0.6939 -0.13032 -0.70818
vn -0.58858 -0.38559 -0.71056
vn -0.58658 -0.39959 0.70445
vn -0.69244 -0.14545 0.70667
vn -0.99641 0.00666 0.08438
vn -0.9962 0.00236 0.08701
vn -0.99623 0.00102 0.0868
vn -0.99645 0.00092 0.08424
vn 0.99617 0.001 0.08745
vn 0.99622 0.00102 0.08684
vn 0 -0.04732 0.99888
vn 0.54366 0.37179 -0.75247
vn 0.60914 0.39888 0.68545
vn 0.40812 0.60245 0.68592
vn 0.3633 0.55219 -0.7504
vn 0.12721 0.64794 -0.751
vn 0.14363 0.71324 0.68605
vn -0.14395 0.71593 0.68317
vn -0.12739 0.64989 -0.74928
vn 0.36318 -0.53495 -0.76284
vn 0.1275 -0.63254 -0.76396
vn 0.1412 -0.71812 0.68145
vn 0.40248 -0.6106 0.68204
vn -0.13756 -0.69912 0.70165
vn -0.13822 -0.68702 -0.71337
vn 0.13822 -0.68702 -0.71338
vn 0.13758 -0.69915 0.70161
vn 0.60369 -0.41148 0.68282
vn 0.54357 -0.35462 -0.76077
vn 0.71404 -0.15034 0.68378
vn 0.64119 -0.11896 -0.7581
vn -0.3632 0.55226 -0.7504
vn -0.40835 0.60307 0.68524
vn -0.60994 0.3994 0.68443
vn -0.54359 0.37189 -0.75247
vn -0.60443 -0.41203 0.68183
vn -0.54366 -0.35449 -0.76077
vn 0.71636 0.13423 0.68469
vn 0.64124 0.1361 -0.75517
vn 0.13798 0.68587 0.71453
vn 0.13776 0.70036 -0.70037
vn -0.13775 0.70036 -0.70037
vn -0.13812 0.6858 0.71456
vn 0 -0.01141 0.99993
vn 0 -0.01141 0.99994
vn -0.39346 -0.5811 -0.7124
vn -0.3918 -0.59398 0.70262
vn 0.39279 0.58006 0.71362
vn 0.39243 0.59504 -0.70138
vn -0.69354 0.14546 -0.70558
vn -0.69283 0.13031 0.70923
vn 0.69257 0.12994 0.70955
vn 0.69337 0.14557 -0.70573
vn 0.58761 0.40025 -0.70321
vn 0.5876 0.38484 0.71178
vn 0.69213 -0.14549 0.70696
vn 0.69376 -0.13028 -0.70833
vn -0.58757 0.40032 -0.70321
vn -0.58774 0.38489 0.71163
vn 0.39172 -0.59396 0.70269
vn 0.3934 -0.58114 -0.7124
vn 0.58857 -0.38561 -0.71056
vn 0.58649 -0.39954 0.70456
vn 0.14844 -0.75369 0.64025
vn -0.14862 -0.75365 0.64025
vn -0.13761 -0.68453 -0.71588
vn 0.13746 -0.68304 -0.71733
vn -0.3924 0.59505 -0.70138
vn -0.39276 0.58008 0.71362
vn -0.63446 -0.43078 0.64179
vn -0.58562 -0.38353 -0.71411
vn -0.39169 -0.57874 -0.71528
vn -0.42338 -0.64036 0.64085
vn 0 0.0114 -0.99994
vn 0 0.0114 -0.99994
vn 0 -0.01141 0.99993
vn 0 -0.01141 0.99993
vn -0 0.0114 -0.99994
vn -0 0.0114 -0.99994
vn -0.1942 -0.00975 0.98091
vn -0.19442 -0.01082 0.98086
vn -0.19493 -0.01201 0.98074
vn 0.06941 -0.17837 0.98151
vn 0.39179 -0.57895 -0.71507
vn 0.42354 -0.64026 0.64085
vn 0 -0.19112 0.98157
vn 0 0.19823 0.98016
vn -0.99734 0.00711 0.07249
vn -0.13073 -0.14064 0.98139
vn -0.13036 -0.1412 0.98136
vn -0.13001 -0.14208 0.98128
vn -0.0694 -0.17837 0.98151
vn -0.069 -0.17878 0.98147
vn 0.13036 -0.1412 0.98136
vn 0.13078 -0.14055 0.9814
vn 0.13011 -0.14182 0.9813
vn 0.17456 -0.08313 0.98113
vn 0.17478 -0.08196 0.98119
vn 0.17457 -0.08423 0.98104
vn -0.14994 0.74753 0.64708
vn -0.1364 0.69354 -0.70739
vn -0.38881 0.58945 -0.70808
vn -0.42681 0.63202 0.64683
vn 0.13643 0.69354 -0.70739
vn 0.14984 0.74652 0.64827
vn -0.6377 0.41939 0.6461
vn -0.5826 0.39681 -0.70931
vn -0.68831 0.14441 -0.7109
vn -0.7508 0.14261 0.64495
vn 0.5829 0.39703 -0.70894
vn 0.38889 0.58971 -0.70782
vn 0.42713 0.63249 0.64615
vn 0.63842 0.41983 0.64511
vn -0.74982 -0.15576 0.64305
vn -0.68951 -0.12968 -0.71257
vn 0.6883 0.14445 -0.7109
vn 0.75125 0.14274 0.64439
vn 0.58578 -0.38391 -0.71378
vn 0.68952 -0.12963 -0.71257
vn 0.74979 -0.15591 0.64305
vn 0.63442 -0.43078 0.64183
vn 0.07909 0.18136 0.98023
vn 0.07956 0.18127 0.98021
vn -0.14546 0.13364 0.9803
vn -0.14475 0.13393 0.98036
vn -0.14387 0.13451 0.98041
vn -0.18405 0.06669 0.98065
vn -0.18472 0.0657 0.98059
vn -0.1855 0.06493 0.9805
vn -0.07956 0.18128 0.98021
vn -0.07899 0.18138 0.98024
vn 0.14394 0.13446 0.98041
vn 0.14474 0.13393 0.98036
vn 0.14545 0.13364 0.9803
vn 0.19438 -0.01082 0.98087
vn 0.19413 -0.00956 0.98093
vn 0.19485 -0.01197 0.98076
vn -0.14381 0.01131 -0.98954
vn -0.14334 0.01131 -0.98961
vn 0 0.01068 -0.99994
vn 0 0.92785 -0.37295
vn 0 0.95523 -0.29587
vn 1 -0 0
vn 1 0 0
vt 0.54617 0.66299
vt 0.53796 0.66462
vt 0.53796 0.67534
vt 0.54617 0.67698
vt 0.48423 0.90307
vt 0.48834 0.89316
vt 0.48137 0.8885
vt 0.47602 0.90143
vt 0.51819 0.94361
vt 0.53112 0.93825
vt 0.52646 0.93129
vt 0.51656 0.93539
vt 0.53815 0.91379
vt 0.54637 0.91543
vt 0.54637 0.90143
vt 0.53815 0.90307
vt 0.54101 0.8885
vt 0.53112 0.87861
vt 0.52646 0.88558
vt 0.53405 0.89316
vt 0.34894 0.09479
vt 0.33901 0.08967
vt 0.33782 0.09122
vt 0.34843 0.09669
vt 0.52627 0.64714
vt 0.53385 0.65472
vt 0.54082 0.65006
vt 0.53093 0.64017
vt 0.53385 0.68525
vt 0.54082 0.6899
vt 0.50565 0.69693
vt 0.50402 0.70514
vt 0.518 0.70514
vt 0.51637 0.69693
vt 0.52627 0.69283
vt 0.53093 0.69979
vt 0.49592 0.88558
vt 0.49127 0.87861
vt 0.48423 0.91379
vt 0.47602 0.91543
vt 0.48137 0.92836
vt 0.48834 0.9237
vt 0.50565 0.64303
vt 0.51637 0.64303
vt 0.518 0.63482
vt 0.50402 0.63482
vt 0.4812 0.6899
vt 0.49109 0.69979
vt 0.49574 0.69283
vt 0.48816 0.68525
vt 0.49592 0.93129
vt 0.49127 0.93825
vt 0.51819 0.87325
vt 0.5042 0.87325
vt 0.50583 0.88147
vt 0.51656 0.88147
vt 0.86393 0.73771
vt 0.86528 0.22405
vt 0.8541 0.22403
vt 0.8532 0.73769
vt 0.48406 0.66462
vt 0.47585 0.66299
vt 0.47585 0.67698
vt 0.48406 0.67534
vt 0.82103 0.73767
vt 0.83175 0.73767
vt 0.83175 0.22401
vt 0.82058 0.22401
vt 0.66294 0.37263
vt 0.66294 0.34076
vt 0.62246 0.34076
vt 0.62246 0.37263
vt 0.40427 0.59836
vt 0.40427 0.25745
vt 0.37239 0.25745
vt 0.37239 0.59836
vt 0.96476 0.56643
vt 0.96476 0.22553
vt 0.93289 0.22553
vt 0.93289 0.56643
vt 0.47772 0.43314
vt 0.49382 0.43314
vt 0.49307 0.42934
vt 0.47772 0.42934
vt 0.49189 0.42173
vt 0.47772 0.42173
vt 0.62894 0.41435
vt 0.61288 0.41549
vt 0.61288 0.43544
vt 0.62894 0.43658
vt 0.61605 0.57257
vt 0.63214 0.57257
vt 0.6314 0.56877
vt 0.61605 0.56877
vt 0.61605 0.56116
vt 0.63022 0.56116
vt 0.62945 0.55355
vt 0.61605 0.55355
vt 0.49307 0.31518
vt 0.47772 0.31518
vt 0.47772 0.32279
vt 0.49189 0.32279
vt 0.62945 0.46983
vt 0.63022 0.46222
vt 0.61605 0.46222
vt 0.61605 0.46983
vt 0.39836 0.11828
vt 0.37841 0.11828
vt 0.37841 0.12599
vt 0.39836 0.12599
vt 0.39836 0.11441
vt 0.37841 0.11441
vt 0.62909 0.47744
vt 0.61605 0.47744
vt 0.39836 0.13364
vt 0.37841 0.13364
vt 0.39836 0.22502
vt 0.39836 0.21737
vt 0.37841 0.21737
vt 0.37841 0.22502
vt 0.39836 0.20975
vt 0.37841 0.20975
vt 0.39836 0.23272
vt 0.37841 0.23272
vt 0.49113 0.41412
vt 0.47772 0.41412
vt 0.6314 0.45461
vt 0.63214 0.4508
vt 0.61605 0.4508
vt 0.61605 0.45461
vt 0.3737 0.04263
vt 0.37486 0.04101
vt 0.36393 0.03623
vt 0.36346 0.03815
vt 0.65028 0.87324
vt 0.65028 0.89319
vt 0.66634 0.89433
vt 0.66634 0.8721
vt 0.49077 0.40651
vt 0.47772 0.40651
vt 0.624 0.74692
vt 0.63225 0.74692
vt 0.6322 0.73293
vt 0.62395 0.73293
vt 0.49113 0.3304
vt 0.47772 0.3304
vt 0.47772 0.33801
vt 0.49077 0.33801
vt 0.62909 0.54594
vt 0.61605 0.54594
vt 0.5569 0.62685
vt 0.5569 0.96776
vt 0.59737 0.96776
vt 0.59737 0.62685
vt 0.39836 0.2366
vt 0.37841 0.2366
vt 0.39836 0.14126
vt 0.37841 0.14126
vt 0.75667 0.7379
vt 0.7674 0.73783
vt 0.76469 0.22418
vt 0.75352 0.22425
vt 0.77813 0.73778
vt 0.78885 0.73774
vt 0.78705 0.22408
vt 0.77587 0.22413
vt 0.88537 0.73779
vt 0.88763 0.22413
vt 0.87645 0.22409
vt 0.87465 0.73774
vt 0.63218 0.70496
vt 0.63221 0.69097
vt 0.62397 0.69094
vt 0.62393 0.70494
vt 0.8961 0.73784
vt 0.8988 0.22418
vt 0.90682 0.7379
vt 0.90998 0.22425
vt 0.79958 0.73771
vt 0.8103 0.73768
vt 0.8094 0.22403
vt 0.79823 0.22405
vt 0.84248 0.73767
vt 0.84293 0.22401
vt 0.74234 0.22432
vt 0.74595 0.73797
vt 0.63256 0.81686
vt 0.63251 0.80287
vt 0.62426 0.8029
vt 0.62431 0.81689
vt 0.91755 0.73797
vt 0.92116 0.22432
vt 0.49574 0.64714
vt 0.49109 0.64017
vt 0.62393 0.71893
vt 0.63218 0.71894
vt 0.63259 0.83085
vt 0.62434 0.83089
vt 0.62407 0.76092
vt 0.63232 0.76091
vt 0.63263 0.85883
vt 0.63261 0.84484
vt 0.62436 0.84488
vt 0.62438 0.85888
vt 0.6325 0.649
vt 0.63263 0.63502
vt 0.62438 0.63497
vt 0.62425 0.64896
vt 0.62414 0.77491
vt 0.63239 0.7749
vt 0.63228 0.67698
vt 0.63238 0.66299
vt 0.62413 0.66296
vt 0.62403 0.67695
vt 0.83041 0.79859
vt 0.73726 0.79825
vt 0.73722 0.81027
vt 0.83037 0.81053
vt 0.63246 0.78889
vt 0.62421 0.7889
vt 0.83031 0.83439
vt 0.83034 0.82246
vt 0.73718 0.82229
vt 0.73715 0.83431
vt 0.53405 0.9237
vt 0.54101 0.92836
vt 0.4812 0.65006
vt 0.48816 0.65472
vt 0.5042 0.94361
vt 0.50583 0.93539
vt 0.352 0.03591
vt 0.35228 0.03786
vt 0.38571 0.07216
vt 0.3815 0.08251
vt 0.38319 0.08359
vt 0.38769 0.07254
vt 0.83045 0.78666
vt 0.7373 0.78623
vt 0.38571 0.06098
vt 0.38769 0.06061
vt 0.3288 0.05944
vt 0.32692 0.05895
vt 0.32622 0.07087
vt 0.32815 0.0706
vt 0.49382 0.31137
vt 0.47772 0.31137
vt 0.3815 0.05063
vt 0.38319 0.04955
vt 0.3737 0.09051
vt 0.37486 0.09214
vt 0.36346 0.09499
vt 0.36393 0.09692
vt 0.83032 0.89406
vt 0.83029 0.88212
vt 0.73713 0.88239
vt 0.73716 0.89441
vt 0.73721 0.90643
vt 0.83037 0.90599
vt 0.83027 0.87019
vt 0.83027 0.85826
vt 0.73712 0.85835
vt 0.73711 0.87037
vt 0.73737 0.93047
vt 0.83052 0.92986
vt 0.83044 0.91792
vt 0.73728 0.91845
vt 0.83028 0.84633
vt 0.73713 0.84633
vt 0.73747 0.94249
vt 0.83062 0.94179
vt 0.73735 0.77421
vt 0.8305 0.77473
vt 0.83056 0.7628
vt 0.7374 0.76219
vt 0.83062 0.75086
vt 0.73747 0.75017
vt 0.33172 0.08119
vt 0.33004 0.08217
vt 0.33204 0.04817
vt 0.33359 0.04935
vt 0.34182 0.04178
vt 0.34082 0.0401
vt 0.35228 0.09529
vt 0.352 0.09723
vt 0.67882 0.5866
vt 0.67882 0.60673
vt 0.71929 0.60673
vt 0.71929 0.5866
vt 0.67882 0.2457
vt 0.71929 0.2457
vt 0.64194 0.78673
vt 0.64194 0.85888
vt 0.67381 0.85888
vt 0.67381 0.78673
vt 0.40427 0.61848
vt 0.37239 0.61848
vt 0.5569 0.60673
vt 0.59737 0.60673
vt 0.94898 0.60667
vt 0.9691 0.60667
vt 0.9691 0.5748
vt 0.94898 0.5748
vt 0.48475 0.60673
vt 0.48475 0.62685
vt 0.60667 0.5866
vt 0.60667 0.60673
vt 0.13984 0.53102
vt 0.14038 0.4833
vt 0.13055 0.48365
vt 0.13002 0.53102
vt 0.10104 0.48505
vt 0.09119 0.48591
vt 0.09071 0.53102
vt 0.10054 0.53102
vt 0.11088 0.48449
vt 0.11037 0.53102
vt 0.12072 0.48404
vt 0.12019 0.53102
vt 0.23829 0.20714
vt 0.23641 0.27068
vt 0.24106 0.26672
vt 0.243 0.20209
vt 0.1227 0.37757
vt 0.11281 0.37904
vt 0.11165 0.43495
vt 0.12151 0.43402
vt 0.23248 0.45113
vt 0.23191 0.50086
vt 0.23643 0.50086
vt 0.23701 0.45028
vt 0.10291 0.38087
vt 0.09298 0.38368
vt 0.09191 0.43788
vt 0.10179 0.43611
vt 0.62788 0.87095
vt 0.61382 0.87095
vt 0.61382 0.94302
vt 0.62788 0.94302
vt 0.45643 0.61295
vt 0.45631 0.56215
vt 0.4405 0.56416
vt 0.44063 0.6171
vt 0.23335 0.3982
vt 0.23791 0.39643
vt 0.24474 0.03598
vt 0.24257 0.09012
vt 0.24742 0.08345
vt 0.24958 0.02984
vt 0.24513 0.14107
vt 0.2552 0.19528
vt 0.25744 0.133
vt 0.32231 0.23293
vt 0.36309 0.23293
vt 0.36309 0.18056
vt 0.32231 0.18056
vt 0.25317 0.26137
vt 0.23927 0.33565
vt 0.25131 0.33188
vt 0.23467 0.33845
vt 0.25871 0.25971
vt 0.26076 0.19317
vt 0.2621 0.02342
vt 0.25984 0.07486
vt 0.26548 0.07236
vt 0.26781 0.02222
vt 0.25682 0.33071
vt 0.24036 0.1471
vt 0.45709 0.79636
vt 0.45684 0.73536
vt 0.44107 0.74466
vt 0.44134 0.80823
vt 0.24989 0.39404
vt 0.25539 0.3933
vt 0.4566 0.6703
vt 0.44082 0.67686
vt 0.00933 0.50063
vt 0.08141 0.50063
vt 0.08141 0.44853
vt 0.00933 0.44853
vt 0.32231 0.50896
vt 0.36309 0.50896
vt 0.36309 0.46093
vt 0.32231 0.46093
vt 0.36309 0.40671
vt 0.32231 0.40671
vt 0.36309 0.34521
vt 0.32231 0.34521
vt 0.08141 0.19286
vt 0.00933 0.19286
vt 0.00933 0.25943
vt 0.08141 0.25943
vt 0.08141 0.13016
vt 0.00933 0.13016
vt 0.64144 0.51614
vt 0.64144 0.55693
vt 0.65792 0.57257
vt 0.65792 0.5005
vt 0.45797 0.9631
vt 0.45766 0.90923
vt 0.44195 0.92532
vt 0.44226 0.97951
vt 0.26303 0.13051
vt 0.14773 0.19147
vt 0.13776 0.1939
vt 0.13588 0.25119
vt 0.14581 0.24916
vt 0.45736 0.85408
vt 0.44163 0.8683
vt 0.13416 0.31173
vt 0.14405 0.31014
vt 0.13136 0.43322
vt 0.1412 0.43251
vt 0.12592 0.25348
vt 0.12425 0.31352
vt 0.13257 0.3763
vt 0.14244 0.37518
vt 0.11432 0.31561
vt 0.12775 0.19664
vt 0.11595 0.25614
vt 0.14983 0.13636
vt 0.13979 0.13905
vt 0.15201 0.08253
vt 0.14187 0.08505
vt 0.11771 0.19984
vt 0.1297 0.14215
vt 0.13168 0.08821
vt 0.10594 0.25945
vt 0.10437 0.31821
vt 0.11957 0.14585
vt 0.10763 0.20384
vt 0.12143 0.09233
vt 0.09587 0.26453
vt 0.09438 0.32218
vt 0.09748 0.20995
vt 0.1094 0.1505
vt 0.11114 0.09762
vt 0.10078 0.10572
vt 0.09914 0.15761
vt 0.08141 0.39306
vt 0.00933 0.39306
vt 0.08141 0.33045
vt 0.00933 0.33045
vt 0.45623 0.51443
vt 0.44042 0.51443
vt 0.08141 0.07196
vt 0.00933 0.07196
vt 0.08141 0.02176
vt 0.00933 0.02176
vt 0.32231 0.28753
vt 0.36309 0.28753
vt 0.60599 0.87095
vt 0.60599 0.94302
vt 0.32231 0.55408
vt 0.36309 0.55408
vt 0.92886 0.65618
vt 0.92886 0.66934
vt 0.96964 0.66934
vt 0.96964 0.65618
vt 0.92886 0.64461
vt 0.96964 0.64461
vt 0.92886 0.63356
vt 0.96964 0.63356
vt 0.96964 0.61245
vt 0.92886 0.61245
vt 0.92886 0.62289
vt 0.96964 0.62289
vt 0.63371 0.94302
vt 0.63371 0.87095
vt 0.32231 0.92759
vt 0.32231 0.97951
vt 0.36309 0.97951
vt 0.36309 0.92759
vt 0.21044 0.53102
vt 0.20062 0.53102
vt 0.20115 0.57839
vt 0.21099 0.57874
vt 0.17164 0.57699
vt 0.17114 0.53102
vt 0.16131 0.53102
vt 0.16179 0.57613
vt 0.18148 0.57755
vt 0.18097 0.53102
vt 0.19132 0.578
vt 0.1908 0.53102
vt 0.28349 0.79458
vt 0.28819 0.79963
vt 0.28625 0.73501
vt 0.2816 0.73104
vt 0.1933 0.68447
vt 0.19211 0.62802
vt 0.18225 0.62709
vt 0.18341 0.683
vt 0.28221 0.55144
vt 0.29416 0.5526
vt 0.29356 0.50086
vt 0.28163 0.50086
vt 0.17351 0.68117
vt 0.17239 0.62593
vt 0.16251 0.62416
vt 0.16359 0.67836
vt 0.29509 0.60768
vt 0.30059 0.60842
vt 0.29965 0.55296
vt 0.42957 0.41592
vt 0.41378 0.41177
vt 0.41365 0.46471
vt 0.42946 0.46672
vt 0.27855 0.60352
vt 0.2831 0.60529
vt 0.27768 0.55059
vt 0.28994 0.96574
vt 0.29478 0.97189
vt 0.29261 0.91827
vt 0.28777 0.9116
vt 0.3004 0.80644
vt 0.29837 0.74035
vt 0.2965 0.66984
vt 0.28446 0.66607
vt 0.27987 0.66327
vt 0.30596 0.80855
vt 0.30391 0.74201
vt 0.3073 0.9783
vt 0.313 0.97951
vt 0.31068 0.92936
vt 0.30504 0.92686
vt 0.30202 0.67101
vt 0.29904 0.50086
vt 0.29033 0.86065
vt 0.28555 0.85462
vt 0.43023 0.23251
vt 0.41448 0.22064
vt 0.41421 0.28421
vt 0.42998 0.29351
vt 0.41397 0.352
vt 0.42975 0.35857
vt 0.43112 0.06576
vt 0.4154 0.04936
vt 0.4151 0.10355
vt 0.43081 0.11964
vt 0.30823 0.87121
vt 0.30264 0.86873
vt 0.21833 0.87056
vt 0.21641 0.81288
vt 0.20648 0.81085
vt 0.20836 0.86814
vt 0.41478 0.16057
vt 0.43051 0.17479
vt 0.21466 0.7519
vt 0.20476 0.75031
vt 0.20196 0.62882
vt 0.2118 0.62953
vt 0.19485 0.74852
vt 0.19653 0.80856
vt 0.20317 0.68574
vt 0.21304 0.68686
vt 0.18492 0.74643
vt 0.19835 0.8654
vt 0.18655 0.8059
vt 0.22043 0.92568
vt 0.21039 0.92299
vt 0.22261 0.97951
vt 0.21248 0.97699
vt 0.18831 0.8622
vt 0.2003 0.91989
vt 0.20228 0.97383
vt 0.17497 0.74383
vt 0.17654 0.80259
vt 0.19017 0.91619
vt 0.17823 0.8582
vt 0.19203 0.96971
vt 0.16498 0.73986
vt 0.16648 0.79751
vt 0.16808 0.85209
vt 0.18 0.91154
vt 0.18174 0.96442
vt 0.16974 0.90443
vt 0.17138 0.95632
vt 0.41357 0.51443
vt 0.42938 0.51443
vt 0.11088 0.57755
vt 0.10104 0.57699
vt 0.12072 0.578
vt 0.23829 0.79458
vt 0.243 0.79963
vt 0.24106 0.73501
vt 0.23641 0.73104
vt 0.1227 0.68447
vt 0.12151 0.62802
vt 0.11165 0.62709
vt 0.11281 0.683
vt 0.23701 0.55144
vt 0.24897 0.5526
vt 0.24836 0.50086
vt 0.23248 0.55059
vt 0.10291 0.68117
vt 0.10179 0.62593
vt 0.09191 0.62416
vt 0.09298 0.67836
vt 0.96636 0.82576
vt 0.96636 0.75368
vt 0.9523 0.75368
vt 0.9523 0.82576
vt 0.24989 0.60768
vt 0.25539 0.60842
vt 0.25445 0.55296
vt 0.45643 0.41592
vt 0.44063 0.41177
vt 0.4405 0.4647
vt 0.45631 0.46671
vt 0.23335 0.60352
vt 0.23791 0.60529
vt 0.24474 0.96574
vt 0.24958 0.97189
vt 0.24742 0.91827
vt 0.24257 0.9116
vt 0.32231 0.87522
vt 0.36309 0.87522
vt 0.2552 0.80644
vt 0.25317 0.74035
vt 0.25131 0.66984
vt 0.23927 0.66607
vt 0.23467 0.66327
vt 0.26076 0.80855
vt 0.25871 0.74201
vt 0.2621 0.9783
vt 0.26781 0.97951
vt 0.26548 0.92936
vt 0.25984 0.92686
vt 0.25682 0.67101
vt 0.24513 0.86065
vt 0.24036 0.85462
vt 0.45709 0.23251
vt 0.44134 0.22064
vt 0.44107 0.28421
vt 0.45684 0.29351
vt 0.44082 0.352
vt 0.4566 0.35857
vt 0.00933 0.55274
vt 0.08141 0.55274
vt 0.32231 0.59919
vt 0.32231 0.64722
vt 0.36309 0.64722
vt 0.36309 0.59919
vt 0.32231 0.70144
vt 0.36309 0.70144
vt 0.32231 0.76295
vt 0.36309 0.76295
vt 0.08141 0.8084
vt 0.08141 0.74183
vt 0.00933 0.74183
vt 0.00933 0.8084
vt 0.08141 0.87111
vt 0.00933 0.87111
vt 0.47998 0.28032
vt 0.49645 0.29596
vt 0.49645 0.22389
vt 0.47998 0.23953
vt 0.45797 0.06576
vt 0.44226 0.04936
vt 0.44195 0.10355
vt 0.45766 0.11964
vt 0.26303 0.87121
vt 0.25744 0.86873
vt 0.14773 0.87056
vt 0.14581 0.81288
vt 0.13588 0.81085
vt 0.13776 0.86814
vt 0.44163 0.16056
vt 0.45736 0.17479
vt 0.14405 0.7519
vt 0.13416 0.75031
vt 0.13136 0.62882
vt 0.1412 0.62953
vt 0.14038 0.57874
vt 0.13055 0.57839
vt 0.12425 0.74852
vt 0.12592 0.80856
vt 0.13257 0.68574
vt 0.14244 0.68686
vt 0.11432 0.74643
vt 0.12775 0.8654
vt 0.11595 0.8059
vt 0.14983 0.92568
vt 0.13979 0.92299
vt 0.15201 0.97951
vt 0.14187 0.97699
vt 0.11771 0.8622
vt 0.1297 0.91989
vt 0.10437 0.74383
vt 0.10594 0.80259
vt 0.11957 0.91619
vt 0.10763 0.8582
vt 0.09438 0.73986
vt 0.09588 0.79751
vt 0.09748 0.85209
vt 0.1094 0.91154
vt 0.11114 0.96442
vt 0.12143 0.96971
vt 0.09119 0.57613
vt 0.09914 0.90443
vt 0.10078 0.95632
vt 0.08141 0.6082
vt 0.00933 0.6082
vt 0.00933 0.67081
vt 0.08141 0.67081
vt 0.08141 0.92931
vt 0.00933 0.92931
vt 0.08141 0.97951
vt 0.00933 0.97951
vt 0.32231 0.82062
vt 0.36309 0.82062
vt 0.94447 0.82576
vt 0.94447 0.75368
vt 0.61561 0.24097
vt 0.6564 0.24097
vt 0.6564 0.22782
vt 0.61561 0.22782
vt 0.61561 0.25254
vt 0.6564 0.25254
vt 0.6564 0.27426
vt 0.61561 0.27426
vt 0.61561 0.2847
vt 0.6564 0.2847
vt 0.97219 0.82576
vt 0.97219 0.75368
vt 0.17164 0.48505
vt 0.16179 0.48591
vt 0.18148 0.48449
vt 0.19132 0.48404
vt 0.28349 0.20714
vt 0.2816 0.27068
vt 0.28625 0.26672
vt 0.28819 0.20209
vt 0.1933 0.37757
vt 0.18341 0.37904
vt 0.18225 0.43495
vt 0.19211 0.43402
vt 0.28221 0.45028
vt 0.29416 0.44912
vt 0.27768 0.45113
vt 0.27711 0.50086
vt 0.17351 0.38087
vt 0.16359 0.38368
vt 0.16251 0.43788
vt 0.17239 0.43611
vt 0.29509 0.39404
vt 0.29965 0.44876
vt 0.30059 0.3933
vt 0.42957 0.61295
vt 0.42946 0.56215
vt 0.41365 0.56416
vt 0.41378 0.6171
vt 0.27855 0.3982
vt 0.2831 0.39643
vt 0.28994 0.03598
vt 0.28777 0.09012
vt 0.29261 0.08345
vt 0.29478 0.02984
vt 0.29033 0.14107
vt 0.3004 0.19528
vt 0.30264 0.133
vt 0.29837 0.26137
vt 0.28446 0.33565
vt 0.2965 0.33188
vt 0.27987 0.33845
vt 0.30391 0.25971
vt 0.30596 0.19317
vt 0.3073 0.02342
vt 0.30504 0.07486
vt 0.31067 0.07236
vt 0.313 0.02222
vt 0.30202 0.33071
vt 0.28555 0.1471
vt 0.43023 0.79636
vt 0.42998 0.73536
vt 0.41421 0.74466
vt 0.41448 0.80823
vt 0.42975 0.6703
vt 0.41397 0.67687
vt 0.43112 0.9631
vt 0.43081 0.90923
vt 0.4151 0.92532
vt 0.4154 0.97951
vt 0.30823 0.13051
vt 0.43051 0.85408
vt 0.41478 0.8683
vt 0.21641 0.24916
vt 0.20648 0.25119
vt 0.20476 0.31173
vt 0.21466 0.31014
vt 0.20196 0.43322
vt 0.20115 0.48365
vt 0.21099 0.4833
vt 0.2118 0.43251
vt 0.19653 0.25348
vt 0.19485 0.31352
vt 0.20317 0.3763
vt 0.21304 0.37518
vt 0.18492 0.31561
vt 0.20836 0.1939
vt 0.19835 0.19664
vt 0.18655 0.25614
vt 0.22043 0.13636
vt 0.21039 0.13905
vt 0.21833 0.19147
vt 0.22261 0.08253
vt 0.21248 0.08505
vt 0.18831 0.19984
vt 0.2003 0.14215
vt 0.20228 0.08821
vt 0.17497 0.31821
vt 0.17654 0.25945
vt 0.19017 0.14585
vt 0.17823 0.20384
vt 0.19203 0.09233
vt 0.16498 0.32218
vt 0.16648 0.26453
vt 0.16808 0.20995
vt 0.18 0.1505
vt 0.18174 0.09762
vt 0.17138 0.10572
vt 0.16974 0.15761
vt 0.36309 0.12864
vt 0.32231 0.12864
vt 0.49127 0.77895
vt 0.5042 0.78431
vt 0.50583 0.77609
vt 0.49593 0.77199
vt 0.51708 0.85314
vt 0.51872 0.86135
vt 0.53165 0.856
vt 0.52699 0.84903
vt 0.47654 0.81918
vt 0.48476 0.82081
vt 0.48887 0.81091
vt 0.4819 0.80625
vt 0.50636 0.79922
vt 0.51708 0.79922
vt 0.51872 0.791
vt 0.50472 0.791
vt 0.53165 0.79636
vt 0.52699 0.80332
vt 0.53457 0.81091
vt 0.54154 0.80625
vt 0.94782 0.6826
vt 0.94731 0.6807
vt 0.9367 0.68617
vt 0.93789 0.68772
vt 0.48424 0.7545
vt 0.47603 0.75614
vt 0.48138 0.76906
vt 0.48835 0.76441
vt 0.51819 0.78431
vt 0.51655 0.77609
vt 0.53814 0.7545
vt 0.53404 0.76441
vt 0.541 0.76906
vt 0.54635 0.75614
vt 0.52646 0.77199
vt 0.53111 0.77895
vt 0.53457 0.84145
vt 0.54154 0.8461
vt 0.50636 0.85314
vt 0.49645 0.84903
vt 0.49179 0.856
vt 0.50472 0.86135
vt 0.48835 0.73388
vt 0.48138 0.72923
vt 0.47603 0.74215
vt 0.48424 0.74378
vt 0.541 0.72923
vt 0.53404 0.73388
vt 0.53814 0.74378
vt 0.54635 0.74215
vt 0.48887 0.84145
vt 0.4819 0.8461
vt 0.5469 0.81918
vt 0.53868 0.82081
vt 0.53868 0.83154
vt 0.5469 0.83317
vt 0.4786 0.08911
vt 0.47862 0.09984
vt 0.99228 0.09893
vt 0.99225 0.08776
vt 0.51655 0.7222
vt 0.52646 0.7263
vt 0.53111 0.71934
vt 0.51819 0.71398
vt 0.47864 0.13201
vt 0.99229 0.13246
vt 0.9923 0.12128
vt 0.47864 0.12129
vt 0.66395 0.29946
vt 0.62348 0.29946
vt 0.62348 0.33133
vt 0.66395 0.33133
vt 0.40427 0.6386
vt 0.37239 0.6386
vt 0.37239 0.97951
vt 0.40427 0.97951
vt 0.54877 0.23843
vt 0.51689 0.23843
vt 0.51689 0.57934
vt 0.54877 0.57934
vt 0.76527 0.96697
vt 0.76907 0.96697
vt 0.76907 0.95162
vt 0.76527 0.95088
vt 0.77668 0.96697
vt 0.77668 0.9528
vt 0.94447 0.85112
vt 0.96671 0.85112
vt 0.96557 0.83506
vt 0.94561 0.83506
vt 0.64194 0.65565
vt 0.64194 0.65946
vt 0.65729 0.65946
vt 0.65803 0.65565
vt 0.64194 0.66707
vt 0.64194 0.67468
vt 0.65534 0.67468
vt 0.65611 0.66707
vt 0.88323 0.95162
vt 0.87562 0.9528
vt 0.87562 0.96697
vt 0.88323 0.96697
vt 0.65534 0.7584
vt 0.64194 0.7584
vt 0.64194 0.76601
vt 0.65611 0.76601
vt 0.49652 0.56479
vt 0.49652 0.55709
vt 0.47656 0.55709
vt 0.47656 0.56479
vt 0.47656 0.56867
vt 0.49652 0.56867
vt 0.65498 0.75079
vt 0.64194 0.75079
vt 0.49652 0.54944
vt 0.47656 0.54944
vt 0.49652 0.45806
vt 0.47656 0.45806
vt 0.47656 0.46571
vt 0.49652 0.46571
vt 0.47656 0.47333
vt 0.49652 0.47333
vt 0.49652 0.45036
vt 0.47656 0.45036
vt 0.78429 0.96697
vt 0.78429 0.95357
vt 0.65729 0.77362
vt 0.64194 0.77362
vt 0.64194 0.77742
vt 0.65803 0.77742
vt 0.97258 0.73476
vt 0.96234 0.73923
vt 0.96281 0.74116
vt 0.97374 0.73638
vt 0.64144 0.49005
vt 0.6575 0.49119
vt 0.6575 0.46896
vt 0.64144 0.4701
vt 0.7919 0.96697
vt 0.7919 0.95393
vt 0.606 0.74692
vt 0.60595 0.76092
vt 0.6142 0.76091
vt 0.61425 0.74692
vt 0.86801 0.95357
vt 0.8604 0.95393
vt 0.8604 0.96697
vt 0.86801 0.96697
vt 0.65498 0.68229
vt 0.64194 0.68229
vt 0.5569 0.5866
vt 0.59737 0.5866
vt 0.59737 0.2457
vt 0.5569 0.2457
vt 0.49652 0.44648
vt 0.47656 0.44648
vt 0.47656 0.54182
vt 0.49652 0.54182
vt 0.47841 0.19636
vt 0.99206 0.19952
vt 0.99212 0.18834
vt 0.47847 0.18563
vt 0.47853 0.17491
vt 0.99218 0.17716
vt 0.99222 0.16599
vt 0.47857 0.16418
vt 0.47852 0.06766
vt 0.47857 0.07839
vt 0.99222 0.07658
vt 0.99217 0.06541
vt 0.61417 0.78889
vt 0.60592 0.78891
vt 0.60596 0.8029
vt 0.61421 0.80288
vt 0.99212 0.05423
vt 0.47847 0.05694
vt 0.99206 0.04305
vt 0.47841 0.04621
vt 0.4786 0.15346
vt 0.99226 0.15481
vt 0.99228 0.14363
vt 0.47863 0.14273
vt 0.99229 0.11011
vt 0.47864 0.11056
vt 0.99198 0.2107
vt 0.47834 0.20708
vt 0.61455 0.67698
vt 0.6063 0.67695
vt 0.60626 0.69095
vt 0.61451 0.69097
vt 0.99198 0.03188
vt 0.47834 0.03549
vt 0.49593 0.7263
vt 0.49127 0.71934
vt 0.60592 0.77491
vt 0.61417 0.7749
vt 0.61458 0.66299
vt 0.60633 0.66296
vt 0.60606 0.73293
vt 0.61431 0.73293
vt 0.61463 0.63502
vt 0.60638 0.63497
vt 0.60636 0.64896
vt 0.61461 0.649
vt 0.61449 0.84484
vt 0.60624 0.84488
vt 0.60638 0.85888
vt 0.61463 0.85883
vt 0.60613 0.71893
vt 0.61438 0.71895
vt 0.61427 0.81686
vt 0.60602 0.81689
vt 0.60612 0.83089
vt 0.61437 0.83085
vt 0.93322 0.89406
vt 0.93318 0.88212
vt 0.84003 0.88239
vt 0.84007 0.89441
vt 0.6062 0.70494
vt 0.61445 0.70496
vt 0.93312 0.85826
vt 0.83996 0.85835
vt 0.83999 0.87037
vt 0.93315 0.87019
vt 0.49645 0.80332
vt 0.49179 0.79636
vt 0.5042 0.71398
vt 0.50583 0.7222
vt 0.48476 0.83154
vt 0.47654 0.83317
vt 0.95117 0.73953
vt 0.95088 0.74148
vt 0.98459 0.70523
vt 0.98657 0.70485
vt 0.98207 0.6938
vt 0.98038 0.69488
vt 0.84011 0.90643
vt 0.93327 0.90599
vt 0.98459 0.7164
vt 0.98657 0.71678
vt 0.92768 0.71794
vt 0.92703 0.70679
vt 0.92511 0.70652
vt 0.92581 0.71843
vt 0.88704 0.96697
vt 0.88704 0.95088
vt 0.98038 0.72676
vt 0.98207 0.72784
vt 0.97258 0.68687
vt 0.97374 0.68525
vt 0.96234 0.6824
vt 0.96281 0.68047
vt 0.93313 0.79859
vt 0.83997 0.79825
vt 0.83994 0.81027
vt 0.9331 0.81053
vt 0.84002 0.78623
vt 0.93318 0.78666
vt 0.93308 0.82246
vt 0.83993 0.82229
vt 0.83993 0.83431
vt 0.93308 0.83439
vt 0.84018 0.76219
vt 0.84009 0.77421
vt 0.93325 0.77473
vt 0.93333 0.7628
vt 0.9331 0.84633
vt 0.83994 0.84633
vt 0.84028 0.75017
vt 0.93344 0.75086
vt 0.84016 0.91845
vt 0.84022 0.93047
vt 0.93337 0.92986
vt 0.93331 0.91792
vt 0.93344 0.94179
vt 0.84028 0.94249
vt 0.9306 0.6962
vt 0.92892 0.69521
vt 0.93092 0.72921
vt 0.93971 0.73729
vt 0.9407 0.73561
vt 0.93247 0.72804
vt 0.95117 0.6821
vt 0.95088 0.68015
vt 0.67882 0.62685
vt 0.71929 0.62685
vt 0.67882 0.96776
vt 0.71929 0.96776
vt 0.64015 0.45771
vt 0.67203 0.45771
vt 0.67203 0.38556
vt 0.64015 0.38556
vt 0.92886 0.5748
vt 0.92886 0.60667
vt 0.48475 0.5866
vt 0.60667 0.62685
vt 0.25385 0.50086
vt 0.13168 0.97383
vt 0.61561 0.26359
vt 0.6564 0.26359
vt 0.24897 0.44912
vt 0.25445 0.44876
usemtl mat0
f 1/1/1 2/2/2 3/3/3
f 1/1/1 3/3/3 4/4/4
f 5/5/5 6/6/6 7/7/7
f 5/5/5 7/7/7 8/8/8
f 9/9/9 10/10/10 11/11/11
f 9/9/9 11/11/11 12/12/12
f 13/13/13 14/14/14 15/15/15
f 13/13/13 15/15/15 16/16/16
f 17/17/17 18/18/18 19/19/19
f 17/17/17 19/19/19 20/20/20
f 21/21/21 22/22/22 23/23/23
f 21/21/21 23/23/23 24/24/22
f 25/25/24 26/26/25 27/27/26
f 25/25/24 27/27/26 28/28/27
f 4/4/4 3/3/3 29/29/28
f 4/4/4 29/29/28 30/30/29
f 31/31/30 32/32/31 33/33/32
f 31/31/30 33/33/32 34/34/33
f 35/35/34 34/34/33 33/33/32
f 35/35/34 33/33/32 36/36/35
f 37/37/36 38/38/37 7/7/7
f 37/37/36 7/7/7 6/6/6
f 39/39/38 40/40/39 41/41/40
f 39/39/38 41/41/40 42/42/41
f 43/43/42 44/44/43 45/45/44
f 43/43/42 45/45/44 46/46/45
f 47/47/46 48/48/47 49/49/48
f 47/47/46 49/49/48 50/50/49
f 51/51/50 42/42/41 41/41/40
f 51/51/50 41/41/40 52/52/51
f 25/25/24 28/28/27 45/45/44
f 25/25/24 45/45/44 44/44/43
f 53/53/52 54/54/53 55/55/54
f 53/53/52 55/55/54 56/56/55
f 37/37/36 55/55/54 54/54/53
f 37/37/36 54/54/53 38/38/37
f 57/57/56 58/58/57 59/59/58
f 57/57/56 59/59/58 60/60/59
f 61/61/60 62/62/61 63/63/62
f 61/61/60 63/63/62 64/64/63
f 26/26/25 2/2/2 1/1/1
f 26/26/25 1/1/1 27/27/26
f 18/18/18 53/53/52 56/56/55
f 18/18/18 56/56/55 19/19/19
f 65/65/64 66/66/65 67/67/66
f 65/65/64 67/67/66 68/68/67
f 35/35/34 36/36/35 30/30/29
f 35/35/34 30/30/29 29/29/28
f 69/69/68 70/70/68 71/71/68
f 69/69/68 71/71/68 72/72/68
f 73/73/69 74/74/69 75/75/69
f 73/73/69 75/75/69 76/76/69
f 77/77/70 78/78/70 79/79/70
f 77/77/70 79/79/70 80/80/70
f 81/81/71 82/82/71 83/83/72
f 81/81/71 83/83/72 84/84/73
f 83/83/72 85/85/74 86/86/75
f 83/83/72 86/86/75 84/84/73
f 87/87/76 88/88/76 89/89/76
f 87/87/76 89/89/76 90/90/76
f 91/91/77 92/92/77 93/93/78
f 91/91/77 93/93/78 94/94/79
f 95/95/80 96/96/81 97/97/82
f 95/95/80 97/97/82 98/98/83
f 99/99/84 100/100/85 101/101/86
f 99/99/84 101/101/86 102/102/87
f 103/103/88 104/104/89 105/105/90
f 103/103/88 105/105/90 106/106/91
f 94/94/79 93/93/78 96/96/81
f 94/94/79 96/96/81 95/95/80
f 107/107/92 108/108/92 109/109/92
f 107/107/92 109/109/92 110/110/92
f 107/107/93 111/111/93 112/112/93
f 107/107/93 112/112/93 108/108/93
f 113/113/94 103/103/88 106/106/91
f 113/113/94 106/106/91 114/114/95
f 115/115/96 110/110/96 109/109/96
f 115/115/96 109/109/96 116/116/96
f 117/117/97 118/118/97 119/119/97
f 117/117/97 119/119/97 120/120/97
f 118/118/98 121/121/98 122/122/98
f 118/118/98 122/122/98 119/119/98
f 123/123/99 117/117/99 120/120/99
f 123/123/99 120/120/99 124/124/99
f 85/85/74 125/125/100 126/126/101
f 85/85/74 126/126/101 86/86/75
f 127/127/102 128/128/103 129/129/103
f 127/127/102 129/129/103 130/130/104
f 131/131/105 132/132/106 133/133/107
f 131/131/105 133/133/107 134/134/106
f 135/135/68 136/136/68 137/137/68
f 135/135/68 137/137/68 138/138/68
f 125/125/100 139/139/108 140/140/109
f 125/125/100 140/140/109 126/126/101
f 141/141/110 142/142/111 143/143/112
f 141/141/110 143/143/112 144/144/113
f 145/145/114 146/146/115 147/147/116
f 145/145/114 147/147/116 148/148/117
f 149/149/118 113/113/94 114/114/95
f 149/149/118 114/114/95 150/150/119
f 145/145/114 102/102/87 101/101/86
f 145/145/114 101/101/86 146/146/115
f 151/151/120 152/152/120 153/153/120
f 151/151/120 153/153/120 154/154/120
f 155/155/121 123/123/121 124/124/121
f 155/155/121 124/124/121 156/156/121
f 121/121/70 157/157/70 158/158/70
f 121/121/70 158/158/70 122/122/70
f 98/98/83 97/97/82 149/149/118
f 98/98/83 149/149/118 150/150/119
f 115/115/122 116/116/122 158/158/122
f 115/115/122 158/158/122 157/157/122
f 104/104/89 127/127/102 130/130/104
f 104/104/89 130/130/104 105/105/90
f 159/159/123 160/160/124 161/161/125
f 159/159/123 161/161/125 162/162/126
f 163/163/127 164/164/128 165/165/129
f 163/163/127 165/165/129 166/166/130
f 167/167/131 168/168/132 169/169/133
f 167/167/131 169/169/133 170/170/134
f 171/171/135 172/172/136 173/173/137
f 171/171/135 173/173/137 174/174/138
f 163/163/127 166/166/130 161/161/125
f 163/163/127 161/161/125 160/160/124
f 168/168/132 167/167/131 175/175/139
f 168/168/132 175/175/139 176/176/140
f 176/176/140 175/175/139 177/177/141
f 176/176/140 177/177/141 178/178/142
f 179/179/143 180/180/144 181/181/145
f 179/179/143 181/181/145 182/182/146
f 66/66/65 183/183/147 184/184/148
f 66/66/65 184/184/148 67/67/66
f 185/185/149 186/186/150 159/159/123
f 185/185/149 159/159/123 162/162/126
f 187/187/151 188/188/152 189/189/153
f 187/187/151 189/189/153 190/190/154
f 179/179/143 182/182/146 165/165/129
f 179/179/143 165/165/129 164/164/128
f 178/178/142 177/177/141 191/191/150
f 178/178/142 191/191/150 192/192/149
f 183/183/147 60/60/59 59/59/58
f 183/183/147 59/59/58 184/184/148
f 180/180/144 65/65/64 68/68/67
f 180/180/144 68/68/67 181/181/145
f 193/193/155 43/43/42 46/46/45
f 193/193/155 46/46/45 194/194/156
f 195/195/157 196/196/158 171/171/135
f 195/195/157 171/171/135 174/174/138
f 197/197/159 187/187/151 190/190/154
f 197/197/159 190/190/154 198/198/160
f 196/196/158 195/195/157 144/144/113
f 196/196/158 144/144/113 143/143/112
f 199/199/161 200/200/162 142/142/111
f 199/199/161 142/142/111 141/141/110
f 201/201/163 202/202/164 203/203/165
f 201/201/163 203/203/165 204/204/166
f 205/205/167 206/206/163 207/207/166
f 205/205/167 207/207/166 208/208/168
f 209/209/169 210/210/170 200/200/162
f 209/209/169 200/200/162 199/199/161
f 211/211/171 212/212/172 213/213/173
f 211/211/171 213/213/173 214/214/174
f 215/215/175 216/216/176 217/217/177
f 215/215/175 217/217/177 218/218/178
f 172/172/136 211/211/171 214/214/174
f 172/172/136 214/214/174 173/173/137
f 189/189/153 188/188/152 219/219/179
f 189/189/153 219/219/179 220/220/180
f 148/148/117 147/147/116 140/140/109
f 148/148/117 140/140/109 139/139/108
f 197/197/159 198/198/160 203/203/165
f 197/197/159 203/203/165 202/202/164
f 212/212/172 205/205/167 208/208/168
f 212/212/172 208/208/168 213/213/173
f 221/221/181 222/222/182 223/223/183
f 221/221/181 223/223/183 224/224/184
f 63/63/62 47/47/46 50/50/49
f 63/63/62 50/50/49 64/64/63
f 225/225/185 226/226/186 14/14/14
f 225/225/185 14/14/14 13/13/13
f 32/32/31 31/31/30 49/49/48
f 32/32/31 49/49/48 48/48/47
f 227/227/187 62/62/61 61/61/60
f 227/227/187 61/61/60 228/228/188
f 15/15/15 17/17/17 20/20/20
f 15/15/15 20/20/20 16/16/16
f 52/52/51 229/229/189 230/230/190
f 52/52/51 230/230/190 51/51/50
f 193/193/155 194/194/156 227/227/187
f 193/193/155 227/227/187 228/228/188
f 225/225/185 11/11/11 10/10/10
f 225/225/185 10/10/10 226/226/186
f 39/39/38 5/5/5 8/8/8
f 39/39/38 8/8/8 40/40/39
f 134/134/191 133/133/192 231/231/193
f 134/134/191 231/231/193 232/232/192
f 233/233/194 234/234/194 235/235/194
f 233/233/194 235/235/194 236/236/194
f 57/57/56 170/170/134 169/169/133
f 57/57/56 169/169/133 58/58/57
f 216/216/176 215/215/175 237/237/195
f 216/216/176 237/237/195 238/238/196
f 239/239/197 233/233/197 236/236/197
f 239/239/197 236/236/197 240/240/197
f 241/241/198 242/242/198 243/243/198
f 241/241/198 243/243/198 244/244/198
f 99/99/84 245/245/199 246/246/199
f 99/99/84 246/246/199 100/100/85
f 247/247/200 248/248/201 132/132/202
f 247/247/200 132/132/202 131/131/201
f 239/239/203 240/240/203 248/248/204
f 239/239/203 248/248/204 247/247/203
f 249/249/205 250/250/206 235/235/205
f 249/249/205 235/235/205 234/234/207
f 251/251/208 252/252/209 250/250/208
f 251/251/208 250/250/208 249/249/210
f 253/253/211 254/254/212 255/255/213
f 253/253/211 255/255/213 256/256/214
f 257/257/215 258/258/216 253/253/211
f 257/257/215 253/253/211 256/256/214
f 222/222/182 218/218/178 217/217/177
f 222/222/182 217/217/177 223/223/183
f 259/259/217 260/260/218 261/261/219
f 259/259/217 261/261/219 262/262/220
f 263/263/221 264/264/222 265/265/223
f 263/263/221 265/265/223 266/266/224
f 267/267/225 221/221/181 224/224/184
f 267/267/225 224/224/184 268/268/226
f 269/269/227 270/270/228 264/264/222
f 269/269/227 264/264/222 263/263/221
f 260/260/218 267/267/225 268/268/226
f 260/260/218 268/268/226 261/261/219
f 271/271/229 272/272/230 273/273/231
f 271/271/229 273/273/231 274/274/232
f 254/254/212 259/259/217 262/262/220
f 254/254/212 262/262/220 255/255/213
f 266/266/224 265/265/223 258/258/216
f 266/266/224 258/258/216 257/257/215
f 275/275/228 276/276/227 274/274/232
f 275/275/228 274/274/232 273/273/231
f 220/220/180 219/219/179 210/210/170
f 220/220/180 210/210/170 209/209/169
f 238/238/196 237/237/195 272/272/230
f 238/238/196 272/272/230 271/271/229
f 277/277/233 244/244/234 243/243/234
f 277/277/233 243/243/234 278/278/234
f 279/279/235 280/280/236 281/281/237
f 279/279/235 281/281/237 282/282/236
f 232/232/238 231/231/239 282/282/240
f 232/232/238 282/282/240 281/281/239
f 242/242/241 241/241/241 280/280/242
f 242/242/241 280/280/242 279/279/241
f 22/22/243 277/277/244 278/278/245
f 22/22/243 278/278/245 23/23/244
f 283/283/246 284/284/247 252/252/246
f 283/283/246 252/252/246 251/251/248
f 285/285/249 286/286/249 287/287/249
f 285/285/249 287/287/249 288/288/249
f 289/289/249 285/285/249 288/288/249
f 289/289/249 288/288/249 290/290/249
f 291/291/68 292/292/68 293/293/68
f 291/291/68 293/293/68 294/294/68
f 295/295/69 73/73/69 76/76/69
f 295/295/69 76/76/69 296/296/69
f 297/297/120 151/151/120 154/154/120
f 297/297/120 154/154/120 298/298/120
f 299/299/70 300/300/70 301/301/70
f 299/299/70 301/301/70 302/302/70
f 297/297/120 303/303/120 304/304/120
f 297/297/120 304/304/120 151/151/120
f 285/285/249 305/305/249 306/306/249
f 285/285/249 306/306/249 286/286/249
f 12/12/12 230/230/190 229/229/189
f 12/12/12 229/229/189 9/9/9
f 307/307/250 308/308/251 309/309/252
f 307/307/250 309/309/252 310/310/253
f 311/311/254 312/312/120 313/313/255
f 311/311/254 313/313/255 314/314/256
f 315/315/257 311/311/254 314/314/256
f 315/315/257 314/314/256 316/316/258
f 317/317/259 315/315/257 316/316/258
f 317/317/259 316/316/258 318/318/260
f 319/319/261 320/320/262 321/321/263
f 319/319/261 321/321/263 322/322/264
f 323/323/265 324/324/120 325/325/266
f 323/323/265 325/325/266 326/326/267
f 327/327/268 328/328/269 329/329/270
f 327/327/268 329/329/270 330/330/271
f 331/331/120 332/332/120 333/333/120
f 331/331/120 333/333/120 334/334/272
f 335/335/273 336/336/273 337/337/273
f 335/335/273 337/337/273 338/338/273
f 339/339/274 340/340/275 341/341/276
f 339/339/274 341/341/276 342/342/277
f 343/343/278 327/327/268 330/330/271
f 343/343/278 330/330/271 344/344/279
f 345/345/280 346/346/281 347/347/282
f 345/345/280 347/347/282 348/348/283
f 349/349/284 322/322/264 350/350/285
f 349/349/284 350/350/285 351/351/286
f 352/352/287 353/353/287 354/354/288
f 352/352/287 354/354/288 355/355/288
f 321/321/263 356/356/289 350/350/285
f 321/321/263 350/350/285 322/322/264
f 321/321/263 357/357/290 358/358/291
f 321/321/263 358/358/291 356/356/289
f 320/320/262 359/359/292 357/357/290
f 320/320/262 357/357/290 321/321/263
f 350/350/285 356/356/289 360/360/293
f 350/350/285 360/360/293 361/361/294
f 324/324/120 331/331/120 334/334/272
f 324/324/120 334/334/272 325/325/266
f 362/362/295 363/363/296 364/364/297
f 362/362/295 364/364/297 365/365/298
f 359/359/292 343/343/278 344/344/279
f 359/359/292 344/344/279 357/357/290
f 356/356/289 358/358/291 366/366/299
f 356/356/289 366/366/299 360/360/293
f 346/346/281 367/367/300 349/349/284
f 346/346/281 349/349/284 347/347/282
f 368/368/301 369/369/302 370/370/303
f 368/368/301 370/370/303 371/371/304
f 358/358/291 372/372/305 373/373/306
f 358/358/291 373/373/306 366/366/299
f 369/369/302 374/374/307 375/375/308
f 369/369/302 375/375/308 370/370/303
f 374/374/307 339/339/274 342/342/277
f 374/374/307 342/342/277 375/375/308
f 376/376/70 377/377/70 378/378/309
f 376/376/70 378/378/309 379/379/310
f 380/380/311 381/381/311 382/382/312
f 380/380/311 382/382/312 383/383/313
f 383/383/313 382/382/312 384/384/314
f 383/383/313 384/384/314 385/385/315
f 385/385/315 384/384/314 386/386/316
f 385/385/315 386/386/316 387/387/317
f 388/388/318 389/389/319 390/390/320
f 388/388/318 390/390/320 391/391/321
f 392/392/322 393/393/323 389/389/319
f 392/392/322 389/389/319 388/388/318
f 394/394/324 395/395/324 396/396/324
f 394/394/324 396/396/324 397/397/324
f 398/398/325 399/399/326 400/400/327
f 398/398/325 400/400/327 401/401/328
f 363/363/296 351/351/286 402/402/329
f 363/363/296 402/402/329 364/364/297
f 351/351/286 350/350/285 361/361/294
f 351/351/286 361/361/294 402/402/329
f 403/403/330 404/404/331 405/405/332
f 403/403/330 405/405/332 406/406/333
f 399/399/326 407/407/334 408/408/335
f 399/399/326 408/408/335 400/400/327
f 406/406/333 405/405/332 409/409/336
f 406/406/333 409/409/336 410/410/120
f 411/411/337 309/309/252 308/308/251
f 411/411/337 308/308/251 412/412/338
f 407/407/334 368/368/301 371/371/304
f 407/407/334 371/371/304 408/408/335
f 405/405/332 413/413/120 414/414/339
f 405/405/332 414/414/339 409/409/336
f 415/415/340 416/416/120 410/410/120
f 415/415/340 410/410/120 409/409/336
f 409/409/336 414/414/339 323/323/265
f 409/409/336 323/323/265 415/415/340
f 411/411/337 326/326/267 317/317/259
f 411/411/337 317/317/259 309/309/252
f 414/414/339 417/417/120 324/324/120
f 414/414/339 324/324/120 323/323/265
f 404/404/331 418/418/341 413/413/120
f 404/404/331 413/413/120 405/405/332
f 413/413/120 419/419/120 417/417/120
f 413/413/120 417/417/120 414/414/339
f 420/420/342 421/421/343 404/404/331
f 420/420/342 404/404/331 403/403/330
f 422/422/120 423/423/344 421/421/343
f 422/422/120 421/421/343 420/420/342
f 418/418/341 424/424/345 419/419/120
f 418/418/341 419/419/120 413/413/120
f 421/421/343 425/425/346 418/418/341
f 421/421/343 418/418/341 404/404/331
f 421/421/343 423/423/344 426/426/347
f 421/421/343 426/426/347 425/425/346
f 326/326/267 325/325/266 315/315/257
f 326/326/267 315/315/257 317/317/259
f 419/419/120 427/427/348 428/428/120
f 419/419/120 428/428/120 417/417/120
f 425/425/346 429/429/349 424/424/345
f 425/425/346 424/424/345 418/418/341
f 424/424/345 430/430/350 427/427/348
f 424/424/345 427/427/348 419/419/120
f 425/425/346 426/426/347 431/431/120
f 425/425/346 431/431/120 429/429/349
f 315/315/257 325/325/266 334/334/272
f 315/315/257 334/334/272 311/311/254
f 411/411/337 412/412/338 416/416/120
f 411/411/337 416/416/120 415/415/340
f 415/415/340 323/323/265 326/326/267
f 415/415/340 326/326/267 411/411/337
f 427/427/348 432/432/351 433/433/120
f 427/427/348 433/433/120 428/428/120
f 430/430/350 434/434/352 432/432/351
f 430/430/350 432/432/351 427/427/348
f 429/429/349 435/435/353 430/430/350
f 429/429/349 430/430/350 424/424/345
f 311/311/254 334/334/272 333/333/120
f 311/311/254 333/333/120 312/312/120
f 435/435/353 436/436/120 437/437/120
f 435/435/353 437/437/120 438/438/354
f 439/439/355 440/440/356 379/379/310
f 439/439/355 379/379/310 378/378/309
f 435/435/353 438/438/354 434/434/352
f 435/435/353 434/434/352 430/430/350
f 440/440/356 439/439/355 441/441/357
f 440/440/356 441/441/357 442/442/358
f 442/442/358 441/441/357 391/391/321
f 442/442/358 391/391/321 390/390/320
f 340/340/275 443/443/359 444/444/360
f 340/340/275 444/444/360 341/341/276
f 445/445/361 446/446/362 393/393/323
f 445/445/361 393/393/323 392/392/322
f 447/447/363 448/448/364 446/446/362
f 447/447/363 446/446/362 445/445/361
f 348/348/283 347/347/282 363/363/296
f 348/348/283 363/363/296 362/362/295
f 449/449/365 387/387/317 386/386/316
f 449/449/365 386/386/316 450/450/366
f 449/449/365 450/450/366 353/353/287
f 449/449/365 353/353/287 352/352/287
f 451/451/367 452/452/367 337/337/367
f 451/451/367 337/337/367 336/336/367
f 453/453/368 454/454/368 381/381/311
f 453/453/368 381/381/311 380/380/311
f 455/455/369 456/456/369 457/457/369
f 455/455/369 457/457/369 458/458/369
f 459/459/370 455/455/370 458/458/370
f 459/459/370 458/458/370 460/460/370
f 461/461/371 459/459/371 460/460/371
f 461/461/371 460/460/371 462/462/371
f 309/309/252 317/317/259 318/318/260
f 309/309/252 318/318/260 310/310/253
f 463/463/372 464/464/372 465/465/372
f 463/463/372 465/465/372 466/466/372
f 335/335/373 338/338/373 467/467/373
f 335/335/373 467/467/373 468/468/373
f 469/469/374 470/470/375 471/471/375
f 469/469/374 471/471/375 472/472/374
f 347/347/282 349/349/284 351/351/286
f 347/347/282 351/351/286 363/363/296
f 465/465/376 461/461/376 462/462/376
f 465/465/376 462/462/376 466/466/376
f 473/473/377 474/474/378 475/475/379
f 473/473/377 475/475/379 476/476/249
f 477/477/380 478/478/381 479/479/382
f 477/477/380 479/479/382 480/480/383
f 481/481/384 482/482/385 478/478/381
f 481/481/384 478/478/381 477/477/380
f 483/483/386 484/484/387 482/482/385
f 483/483/386 482/482/385 481/481/384
f 485/485/249 486/486/388 487/487/389
f 485/485/249 487/487/389 488/488/249
f 489/489/390 490/490/391 491/491/392
f 489/489/390 491/491/392 492/492/393
f 493/493/394 494/494/395 495/495/396
f 493/493/394 495/495/396 496/496/397
f 497/497/398 498/498/399 499/499/400
f 497/497/398 499/499/400 500/500/401
f 501/501/402 502/502/403 503/503/404
f 501/501/402 503/503/404 494/494/395
f 504/504/405 505/505/406 506/506/407
f 504/504/405 506/506/407 507/507/408
f 508/508/409 509/509/410 493/493/394
f 508/508/409 493/493/394 510/510/249
f 511/511/249 512/512/411 513/513/412
f 511/511/249 513/513/412 514/514/249
f 487/487/389 486/486/388 515/515/413
f 487/487/389 515/515/413 516/516/414
f 487/487/389 516/516/414 517/517/415
f 487/487/389 517/517/415 518/518/416
f 488/488/249 487/487/389 518/518/416
f 488/488/249 518/518/416 519/519/417
f 515/515/413 520/520/249 521/521/418
f 515/515/413 521/521/418 516/516/414
f 492/492/393 491/491/392 498/498/399
f 492/492/393 498/498/399 497/497/398
f 522/522/419 523/523/249 524/524/420
f 522/522/419 524/524/420 525/525/421
f 519/519/417 518/518/416 509/509/410
f 519/519/417 509/509/410 508/508/409
f 516/516/414 521/521/418 526/526/422
f 516/516/414 526/526/422 517/517/415
f 494/494/395 503/503/404 527/527/423
f 494/494/395 527/527/423 495/495/396
f 514/514/249 513/513/412 528/528/424
f 514/514/249 528/528/424 529/529/249
f 529/529/249 528/528/424 486/486/388
f 529/529/249 486/486/388 485/485/249
f 530/530/425 531/531/426 532/532/427
f 530/530/425 532/532/427 533/533/428
f 517/517/415 526/526/422 502/502/403
f 517/517/415 502/502/403 501/501/402
f 533/533/428 532/532/427 534/534/429
f 533/533/428 534/534/429 535/535/430
f 535/535/430 534/534/429 505/505/406
f 535/535/430 505/505/406 504/504/405
f 509/509/410 501/501/402 494/494/395
f 509/509/410 494/494/395 493/493/394
f 518/518/416 517/517/415 501/501/402
f 518/518/416 501/501/402 509/509/410
f 536/536/431 537/537/432 538/538/433
f 536/536/431 538/538/433 539/539/434
f 525/525/421 524/524/420 540/540/435
f 525/525/421 540/540/435 541/541/436
f 541/541/436 540/540/435 520/520/249
f 541/541/436 520/520/249 515/515/413
f 542/542/437 543/543/438 544/544/439
f 542/542/437 544/544/439 545/545/440
f 539/539/434 538/538/433 546/546/441
f 539/539/434 546/546/441 547/547/442
f 543/543/438 548/548/443 549/549/444
f 543/543/438 549/549/444 544/544/439
f 550/550/445 551/551/446 476/476/249
f 550/550/445 476/476/249 475/475/379
f 547/547/442 546/546/441 531/531/426
f 547/547/442 531/531/426 530/530/425
f 544/544/439 549/549/444 552/552/447
f 544/544/439 552/552/447 553/553/448
f 554/554/449 549/549/444 548/548/443
f 554/554/449 548/548/443 555/555/450
f 549/549/444 554/554/449 489/489/390
f 549/549/444 489/489/390 552/552/447
f 550/550/445 475/475/379 483/483/386
f 550/550/445 483/483/386 490/490/391
f 552/552/447 489/489/390 492/492/393
f 552/552/447 492/492/393 556/556/451
f 545/545/440 544/544/439 553/553/448
f 545/545/440 553/553/448 557/557/452
f 553/553/448 552/552/447 556/556/451
f 553/553/448 556/556/451 558/558/453
f 559/559/454 542/542/437 545/545/440
f 559/559/454 545/545/440 560/560/455
f 561/561/456 559/559/454 560/560/455
f 561/561/456 560/560/455 562/562/457
f 557/557/452 553/553/448 558/558/453
f 557/557/452 558/558/453 563/563/458
f 560/560/455 545/545/440 557/557/452
f 560/560/455 557/557/452 564/564/459
f 560/560/455 564/564/459 565/565/249
f 560/560/455 565/565/249 562/562/457
f 490/490/391 483/483/386 481/481/384
f 490/490/391 481/481/384 491/491/392
f 556/556/451 492/492/393 497/497/398
f 556/556/451 497/497/398 566/566/460
f 558/558/453 556/556/451 566/566/460
f 558/558/453 566/566/460 567/567/461
f 564/564/459 557/557/452 563/563/458
f 564/564/459 563/563/458 568/568/462
f 563/563/458 558/558/453 567/567/461
f 563/563/458 567/567/461 569/569/463
f 564/564/459 568/568/462 570/570/249
f 564/564/459 570/570/249 565/565/249
f 481/481/384 477/477/380 498/498/399
f 481/481/384 498/498/399 491/491/392
f 550/550/445 554/554/449 555/555/450
f 550/550/445 555/555/450 551/551/446
f 554/554/449 550/550/445 490/490/391
f 554/554/449 490/490/391 489/489/390
f 566/566/460 497/497/398 500/500/401
f 566/566/460 500/500/401 571/571/464
f 567/567/461 566/566/460 571/571/464
f 567/567/461 571/571/464 572/572/465
f 569/569/463 567/567/461 572/572/465
f 569/569/463 572/572/465 573/573/466
f 568/568/462 563/563/458 569/569/463
f 568/568/462 569/569/463 574/574/467
f 568/568/462 574/574/467 575/575/468
f 568/568/462 575/575/468 570/570/249
f 477/477/380 480/480/383 499/499/400
f 477/477/380 499/499/400 498/498/399
f 574/574/467 576/576/469 577/577/470
f 574/574/467 577/577/470 575/575/468
f 507/507/408 506/506/407 578/578/471
f 507/507/408 578/578/471 579/579/472
f 512/512/411 522/522/419 525/525/421
f 512/512/411 525/525/421 513/513/412
f 475/475/379 474/474/378 484/484/387
f 475/475/379 484/484/387 483/483/386
f 513/513/412 525/525/421 541/541/436
f 513/513/412 541/541/436 528/528/424
f 580/580/473 316/316/258 314/314/256
f 580/580/473 314/314/256 581/581/474
f 582/582/475 318/318/260 316/316/258
f 582/582/475 316/316/258 580/580/473
f 583/583/476 584/584/477 585/585/478
f 583/583/476 585/585/478 586/586/479
f 587/587/480 588/588/481 589/589/482
f 587/587/480 589/589/482 590/590/483
f 591/591/120 592/592/120 593/593/484
f 591/591/120 593/593/484 329/329/270
f 594/594/120 591/591/120 329/329/270
f 594/594/120 329/329/270 328/328/269
f 595/595/485 596/596/486 597/597/487
f 595/595/485 597/597/487 598/598/488
f 599/599/489 600/600/489 601/601/489
f 599/599/489 601/601/489 602/602/489
f 603/603/120 604/604/120 605/605/120
f 603/603/120 605/605/120 592/592/120
f 606/606/490 607/607/491 608/608/492
f 606/606/490 608/608/492 609/609/493
f 610/610/120 611/611/120 591/591/120
f 610/610/120 591/591/120 594/594/120
f 612/612/120 613/613/120 614/614/494
f 612/612/120 614/614/494 615/615/495
f 616/616/496 469/469/374 472/472/374
f 616/616/496 472/472/374 617/617/496
f 585/585/478 584/584/477 618/618/497
f 585/585/478 618/618/497 619/619/498
f 585/585/478 619/619/498 620/620/499
f 585/585/478 620/620/499 621/621/500
f 586/586/479 585/585/478 621/621/500
f 586/586/479 621/621/500 622/622/501
f 618/618/497 623/623/502 624/624/503
f 618/618/497 624/624/503 619/619/498
f 590/590/483 589/589/482 596/596/486
f 590/590/483 596/596/486 595/595/485
f 625/625/120 626/626/120 627/627/504
f 625/625/120 627/627/504 628/628/505
f 622/622/501 621/621/500 611/611/120
f 622/622/501 611/611/120 610/610/120
f 619/619/498 624/624/503 629/629/506
f 619/619/498 629/629/506 620/620/499
f 615/615/495 614/614/494 630/630/507
f 615/615/495 630/630/507 631/631/508
f 631/631/508 630/630/507 584/584/477
f 631/631/508 584/584/477 583/583/476
f 632/632/509 633/633/510 634/634/511
f 632/632/509 634/634/511 635/635/512
f 620/620/499 629/629/506 604/604/120
f 620/620/499 604/604/120 603/603/120
f 635/635/512 634/634/511 636/636/513
f 635/635/512 636/636/513 637/637/514
f 637/637/514 636/636/513 607/607/491
f 637/637/514 607/607/491 606/606/490
f 638/638/515 639/639/516 377/377/70
f 638/638/515 377/377/70 376/376/70
f 640/640/517 641/641/518 642/642/519
f 640/640/517 642/642/519 643/643/517
f 641/641/518 644/644/520 645/645/521
f 641/641/518 645/645/521 642/642/519
f 611/611/120 603/603/120 592/592/120
f 611/611/120 592/592/120 591/591/120
f 644/644/520 646/646/522 647/647/523
f 644/644/520 647/647/523 645/645/521
f 621/621/500 620/620/499 603/603/120
f 621/621/500 603/603/120 611/611/120
f 648/648/524 649/649/525 650/650/526
f 648/648/524 650/650/526 651/651/527
f 652/652/528 648/648/524 651/651/527
f 652/652/528 651/651/527 653/653/529
f 654/654/530 655/655/530 656/656/530
f 654/654/530 656/656/530 657/657/530
f 658/658/531 659/659/532 660/660/533
f 658/658/531 660/660/533 661/661/534
f 628/628/505 627/627/504 662/662/535
f 628/628/505 662/662/535 663/663/536
f 663/663/536 662/662/535 623/623/502
f 663/663/536 623/623/502 618/618/497
f 664/664/537 665/665/538 666/666/539
f 664/664/537 666/666/539 667/667/540
f 661/661/534 660/660/533 668/668/541
f 661/661/534 668/668/541 669/669/542
f 665/665/538 670/670/543 671/671/544
f 665/665/538 671/671/544 666/666/539
f 672/672/545 673/673/546 674/674/120
f 672/672/545 674/674/120 675/675/547
f 669/669/542 668/668/541 633/633/510
f 669/669/542 633/633/510 632/632/509
f 666/666/539 671/671/544 676/676/548
f 666/666/539 676/676/548 677/677/549
f 678/678/550 671/671/544 670/670/543
f 678/678/550 670/670/543 679/679/551
f 671/671/544 678/678/550 587/587/480
f 671/671/544 587/587/480 676/676/548
f 672/672/545 675/675/547 582/582/475
f 672/672/545 582/582/475 588/588/481
f 676/676/548 587/587/480 590/590/483
f 676/676/548 590/590/483 680/680/552
f 667/667/540 666/666/539 677/677/549
f 667/667/540 677/677/549 681/681/553
f 677/677/549 676/676/548 680/680/552
f 677/677/549 680/680/552 682/682/554
f 683/683/555 664/664/537 667/667/540
f 683/683/555 667/667/540 684/684/556
f 685/685/557 683/683/555 684/684/556
f 685/685/557 684/684/556 686/686/558
f 681/681/553 677/677/549 682/682/554
f 681/681/553 682/682/554 687/687/559
f 684/684/556 667/667/540 681/681/553
f 684/684/556 681/681/553 688/688/560
f 588/588/481 582/582/475 580/580/473
f 588/588/481 580/580/473 589/589/482
f 680/680/552 590/590/483 595/595/485
f 680/680/552 595/595/485 689/689/561
f 682/682/554 680/680/552 689/689/561
f 682/682/554 689/689/561 690/690/562
f 688/688/560 681/681/553 687/687/559
f 688/688/560 687/687/559 691/691/563
f 687/687/559 682/682/554 690/690/562
f 687/687/559 690/690/562 692/692/564
f 580/580/473 581/581/474 596/596/486
f 580/580/473 596/596/486 589/589/482
f 672/672/545 678/678/550 679/679/551
f 672/672/545 679/679/551 673/673/546
f 678/678/550 672/672/545 588/588/481
f 678/678/550 588/588/481 587/587/480
f 689/689/561 595/595/485 598/598/488
f 689/689/561 598/598/488 693/693/565
f 690/690/562 689/689/561 693/693/565
f 690/690/562 693/693/565 694/694/566
f 692/692/564 690/690/562 694/694/566
f 692/692/564 694/694/566 695/695/567
f 691/691/563 687/687/559 692/692/564
f 691/691/563 692/692/564 696/696/568
f 691/691/563 696/696/568 697/697/120
f 691/691/563 697/697/120 698/698/120
f 581/581/474 699/699/569 597/597/487
f 581/581/474 597/597/487 596/596/486
f 696/696/568 700/700/570 701/701/120
f 696/696/568 701/701/120 697/697/120
f 702/702/571 639/639/516 638/638/515
f 702/702/571 638/638/515 703/703/572
f 696/696/568 692/692/564 695/695/567
f 696/696/568 695/695/567 700/700/570
f 704/704/573 705/705/574 702/702/571
f 704/704/573 702/702/571 703/703/572
f 650/650/526 649/649/525 705/705/574
f 650/650/526 705/705/574 704/704/573
f 706/706/575 652/652/528 653/653/529
f 706/706/575 653/653/529 707/707/576
f 708/708/577 706/706/575 707/707/576
f 708/708/577 707/707/576 709/709/578
f 613/613/120 625/625/120 628/628/505
f 613/613/120 628/628/505 614/614/494
f 710/710/579 711/711/580 647/647/523
f 710/710/579 647/647/523 646/646/522
f 710/710/579 616/616/496 617/617/496
f 710/710/579 617/617/496 711/711/580
f 712/712/581 602/602/581 601/601/581
f 712/712/581 601/601/581 713/713/581
f 714/714/582 715/715/582 716/716/582
f 714/714/582 716/716/582 717/717/582
f 718/718/583 719/719/583 715/715/583
f 718/718/583 715/715/583 714/714/583
f 675/675/547 310/310/253 318/318/260
f 675/675/547 318/318/260 582/582/475
f 720/720/584 721/721/584 722/722/584
f 720/720/584 722/722/584 723/723/584
f 599/599/585 724/724/585 725/725/585
f 599/599/585 725/725/585 600/600/585
f 614/614/494 628/628/505 663/663/536
f 614/614/494 663/663/536 630/630/507
f 726/726/586 727/727/587 479/479/382
f 726/726/586 479/479/382 478/478/381
f 728/728/588 726/726/586 478/478/381
f 728/728/588 478/478/381 482/482/385
f 729/729/589 728/728/588 482/482/385
f 729/729/589 482/482/385 484/484/387
f 730/730/249 731/731/590 732/732/591
f 730/730/249 732/732/591 733/733/592
f 734/734/593 735/735/594 736/736/595
f 734/734/593 736/736/595 737/737/596
f 738/738/597 496/496/397 495/495/396
f 738/738/597 495/495/396 739/739/598
f 740/740/599 741/741/600 496/496/397
f 740/740/599 496/496/397 738/738/597
f 742/742/601 743/743/249 744/744/602
f 742/742/601 744/744/602 745/745/603
f 746/746/604 739/739/598 747/747/605
f 746/746/604 747/747/605 748/748/606
f 749/749/607 750/750/608 751/751/609
f 749/749/607 751/751/609 752/752/610
f 753/753/611 740/740/599 738/738/597
f 753/753/611 738/738/597 754/754/612
f 755/755/249 756/756/249 757/757/613
f 755/755/249 757/757/613 758/758/614
f 759/759/615 733/733/592 760/760/616
f 759/759/615 760/760/616 761/761/617
f 732/732/591 762/762/618 760/760/616
f 732/732/591 760/760/616 733/733/592
f 732/732/591 763/763/619 764/764/620
f 732/732/591 764/764/620 762/762/618
f 731/731/590 765/765/621 763/763/619
f 731/731/590 763/763/619 732/732/591
f 760/760/616 762/762/618 766/766/622
f 760/760/616 766/766/622 767/767/623
f 735/735/594 742/742/601 745/745/603
f 735/735/594 745/745/603 736/736/595
f 768/768/624 769/769/625 770/770/626
f 768/768/624 770/770/626 771/771/249
f 765/765/621 753/753/611 754/754/612
f 765/765/621 754/754/612 763/763/619
f 762/762/618 764/764/620 772/772/627
f 762/762/618 772/772/627 766/766/622
f 739/739/598 495/495/396 527/527/423
f 739/739/598 527/527/423 747/747/605
f 756/756/249 773/773/249 759/759/615
f 756/756/249 759/759/615 757/757/613
f 773/773/249 730/730/249 733/733/592
f 773/773/249 733/733/592 759/759/615
f 774/774/628 775/775/629 776/776/630
f 774/774/628 776/776/630 777/777/631
f 764/764/620 746/746/604 748/748/606
f 764/764/620 748/748/606 772/772/627
f 775/775/629 778/778/632 779/779/633
f 775/775/629 779/779/633 776/776/630
f 778/778/632 749/749/607 752/752/610
f 778/778/632 752/752/610 779/779/633
f 754/754/612 738/738/597 739/739/598
f 754/754/612 739/739/598 746/746/604
f 763/763/619 754/754/612 746/746/604
f 763/763/619 746/746/604 764/764/620
f 780/780/634 781/781/635 782/782/636
f 780/780/634 782/782/636 783/783/637
f 769/769/625 761/761/617 784/784/638
f 769/769/625 784/784/638 770/770/626
f 761/761/617 760/760/616 767/767/623
f 761/761/617 767/767/623 784/784/638
f 781/781/635 785/785/639 786/786/640
f 781/781/635 786/786/640 782/782/636
f 787/787/249 788/788/249 789/789/641
f 787/787/249 789/789/641 790/790/642
f 791/791/643 792/792/644 793/793/645
f 791/791/643 793/793/645 794/794/646
f 785/785/639 774/774/628 777/777/631
f 785/785/639 777/777/631 786/786/640
f 788/788/249 795/795/647 796/796/648
f 788/788/249 796/796/648 789/789/641
f 797/797/649 798/798/650 790/790/642
f 797/797/649 790/790/642 789/789/641
f 789/789/641 796/796/648 734/734/593
f 789/789/641 734/734/593 797/797/649
f 791/791/643 737/737/596 729/729/589
f 791/791/643 729/729/589 792/792/644
f 796/796/648 799/799/651 735/735/594
f 796/796/648 735/735/594 734/734/593
f 800/800/652 801/801/653 795/795/647
f 800/800/652 795/795/647 788/788/249
f 795/795/647 802/802/654 799/799/651
f 795/795/647 799/799/651 796/796/648
f 803/803/655 804/804/656 800/800/652
f 803/803/655 800/800/652 805/805/249
f 806/806/657 807/807/658 804/804/656
f 806/806/657 804/804/656 803/803/655
f 801/801/653 808/808/659 802/802/654
f 801/801/653 802/802/654 795/795/647
f 804/804/656 809/809/660 801/801/653
f 804/804/656 801/801/653 800/800/652
f 804/804/656 807/807/658 810/810/249
f 804/804/656 810/810/249 809/809/660
f 737/737/596 736/736/595 728/728/588
f 737/737/596 728/728/588 729/729/589
f 799/799/651 811/811/661 742/742/601
f 799/799/651 742/742/601 735/735/594
f 802/802/654 812/812/662 811/811/661
f 802/802/654 811/811/661 799/799/651
f 809/809/660 813/813/663 808/808/659
f 809/809/660 808/808/659 801/801/653
f 808/808/659 814/814/664 812/812/662
f 808/808/659 812/812/662 802/802/654
f 809/809/660 810/810/249 815/815/665
f 809/809/660 815/815/665 813/813/663
f 728/728/588 736/736/595 745/745/603
f 728/728/588 745/745/603 726/726/586
f 791/791/643 794/794/646 798/798/650
f 791/791/643 798/798/650 797/797/649
f 797/797/649 734/734/593 737/737/596
f 797/797/649 737/737/596 791/791/643
f 811/811/661 816/816/666 743/743/249
f 811/811/661 743/743/249 742/742/601
f 812/812/662 817/817/667 816/816/666
f 812/812/662 816/816/666 811/811/661
f 814/814/664 818/818/249 817/817/667
f 814/814/664 817/817/667 812/812/662
f 813/813/663 819/819/668 814/814/664
f 813/813/663 814/814/664 808/808/659
f 813/813/663 815/815/665 820/820/669
f 813/813/663 820/820/669 819/819/668
f 726/726/586 745/745/603 744/744/602
f 726/726/586 744/744/602 727/727/587
f 819/819/668 820/820/669 821/821/670
f 819/819/668 821/821/670 822/822/671
f 819/819/668 822/822/671 818/818/249
f 819/819/668 818/818/249 814/814/664
f 750/750/608 579/579/672 578/578/673
f 750/750/608 578/578/673 751/751/609
f 758/758/614 757/757/613 769/769/625
f 758/758/614 769/769/625 768/768/624
f 792/792/644 729/729/589 484/484/387
f 792/792/644 484/484/387 474/474/378
f 757/757/613 759/759/615 761/761/617
f 757/757/613 761/761/617 769/769/625
f 355/355/288 354/354/288 823/823/674
f 355/355/288 823/823/674 824/824/674
f 825/825/675 826/826/676 827/827/677
f 825/825/675 827/827/677 828/828/678
f 829/829/679 830/830/680 831/831/681
f 829/829/679 831/831/681 832/832/682
f 833/833/683 834/834/684 835/835/685
f 833/833/683 835/835/685 836/836/686
f 837/837/687 838/838/688 839/839/689
f 837/837/687 839/839/689 840/840/690
f 841/841/691 842/842/692 843/843/693
f 841/841/691 843/843/693 844/844/694
f 845/845/695 846/846/696 847/847/697
f 845/845/695 847/847/697 848/848/696
f 849/849/698 850/850/699 851/851/700
f 849/849/698 851/851/700 852/852/701
f 826/826/676 853/853/702 854/854/703
f 826/826/676 854/854/703 827/827/677
f 855/855/704 856/856/705 857/857/706
f 855/855/704 857/857/706 858/858/707
f 859/859/708 860/860/709 857/857/706
f 859/859/708 857/857/706 856/856/705
f 861/861/710 832/832/682 831/831/681
f 861/861/710 831/831/681 862/862/711
f 863/863/712 864/864/713 865/865/714
f 863/863/712 865/865/714 866/866/715
f 867/867/716 868/868/717 869/869/718
f 867/867/716 869/869/718 870/870/719
f 871/871/720 872/872/721 873/873/722
f 871/871/720 873/873/722 874/874/723
f 875/875/724 876/876/725 865/865/714
f 875/875/724 865/865/714 864/864/713
f 849/849/698 870/870/719 869/869/718
f 849/849/698 869/869/718 850/850/699
f 877/877/726 878/878/727 879/879/728
f 877/877/726 879/879/728 880/880/729
f 861/861/710 862/862/711 880/880/729
f 861/861/710 880/880/729 879/879/728
f 881/881/730 882/882/731 883/883/732
f 881/881/730 883/883/732 884/884/733
f 885/885/734 886/886/735 887/887/736
f 885/885/734 887/887/736 888/888/737
f 852/852/701 851/851/700 825/825/675
f 852/852/701 825/825/675 828/828/678
f 844/844/694 843/843/693 878/878/727
f 844/844/694 878/878/727 877/877/726
f 889/889/738 890/890/739 891/891/740
f 889/889/738 891/891/740 892/892/741
f 859/859/708 854/854/703 853/853/702
f 859/859/708 853/853/702 860/860/709
f 893/893/742 894/894/742 895/895/742
f 893/893/742 895/895/742 896/896/742
f 897/897/69 898/898/69 899/899/69
f 897/897/69 899/899/69 900/900/69
f 901/901/70 902/902/70 903/903/70
f 901/901/70 903/903/70 904/904/70
f 905/905/743 906/906/744 907/907/745
f 905/905/743 907/907/745 908/908/743
f 907/907/745 906/906/744 909/909/746
f 907/907/745 909/909/746 910/910/747
f 911/911/748 912/912/748 913/913/748
f 911/911/748 913/913/748 914/914/748
f 915/915/749 916/916/750 917/917/751
f 915/915/749 917/917/751 918/918/749
f 919/919/752 920/920/753 921/921/754
f 919/919/752 921/921/754 922/922/755
f 923/923/756 924/924/757 925/925/758
f 923/923/756 925/925/758 926/926/759
f 927/927/760 928/928/761 929/929/762
f 927/927/760 929/929/762 930/930/763
f 916/916/750 919/919/752 922/922/755
f 916/916/750 922/922/755 917/917/751
f 931/931/764 932/932/764 933/933/764
f 931/931/764 933/933/764 934/934/764
f 931/931/121 934/934/121 935/935/121
f 931/931/121 935/935/121 936/936/121
f 937/937/765 938/938/766 928/928/761
f 937/937/765 928/928/761 927/927/760
f 939/939/767 940/940/767 933/933/767
f 939/939/767 933/933/767 932/932/767
f 941/941/768 942/942/768 943/943/768
f 941/941/768 943/943/768 944/944/768
f 944/944/769 943/943/769 945/945/769
f 944/944/769 945/945/769 946/946/769
f 947/947/770 948/948/770 942/942/770
f 947/947/770 942/942/770 941/941/770
f 910/910/747 909/909/746 949/949/771
f 910/910/747 949/949/771 950/950/772
f 951/951/773 952/952/774 953/953/775
f 951/951/773 953/953/775 954/954/775
f 955/955/776 956/956/777 957/957/778
f 955/955/776 957/957/778 958/958/777
f 959/959/779 960/960/779 961/961/779
f 959/959/779 961/961/779 962/962/779
f 950/950/772 949/949/771 963/963/780
f 950/950/772 963/963/780 964/964/781
f 965/965/782 966/966/783 967/967/784
f 965/965/782 967/967/784 968/968/785
f 969/969/786 970/970/787 971/971/788
f 969/969/786 971/971/788 972/972/789
f 973/973/790 974/974/791 938/938/766
f 973/973/790 938/938/766 937/937/765
f 969/969/786 972/972/789 925/925/758
f 969/969/786 925/925/758 924/924/757
f 975/975/120 976/976/120 977/977/120
f 975/975/120 977/977/120 978/978/120
f 979/979/93 980/980/93 948/948/93
f 979/979/93 948/948/93 947/947/93
f 946/946/70 945/945/70 981/981/70
f 946/946/70 981/981/70 982/982/70
f 920/920/753 974/974/791 973/973/790
f 920/920/753 973/973/790 921/921/754
f 939/939/792 982/982/792 981/981/792
f 939/939/792 981/981/792 940/940/792
f 930/930/763 929/929/762 952/952/774
f 930/930/763 952/952/774 951/951/773
f 983/983/793 984/984/794 985/985/795
f 983/983/793 985/985/795 986/986/796
f 987/987/797 988/988/798 989/989/799
f 987/987/797 989/989/799 990/990/800
f 991/991/801 992/992/802 993/993/803
f 991/991/801 993/993/803 994/994/804
f 995/995/805 996/996/806 997/997/807
f 995/995/805 997/997/807 998/998/808
f 987/987/797 986/986/796 985/985/795
f 987/987/797 985/985/795 988/988/798
f 994/994/804 999/999/809 1000/1000/810
f 994/994/804 1000/1000/810 991/991/801
f 999/999/809 1001/1001/811 1002/1002/812
f 999/999/809 1002/1002/812 1000/1000/810
f 1003/1003/813 1004/1004/814 1005/1005/815
f 1003/1003/813 1005/1005/815 1006/1006/816
f 892/892/741 891/891/740 1007/1007/817
f 892/892/741 1007/1007/817 1008/1008/818
f 1009/1009/819 984/984/794 983/983/793
f 1009/1009/819 983/983/793 1010/1010/820
f 1011/1011/821 1012/1012/822 1013/1013/823
f 1011/1011/821 1013/1013/823 1014/1014/824
f 1003/1003/813 990/990/800 989/989/799
f 1003/1003/813 989/989/799 1004/1004/814
f 1001/1001/811 1015/1015/819 1016/1016/820
f 1001/1001/811 1016/1016/820 1002/1002/812
f 1008/1008/818 1007/1007/817 883/883/732
f 1008/1008/818 883/883/732 882/882/731
f 1006/1006/816 1005/1005/815 890/890/739
f 1006/1006/816 890/890/739 889/889/738
f 1017/1017/825 1018/1018/826 868/868/717
f 1017/1017/825 868/868/717 867/867/716
f 1019/1019/827 996/996/806 995/995/805
f 1019/1019/827 995/995/805 1020/1020/828
f 1021/1021/829 1022/1022/830 1012/1012/822
f 1021/1021/829 1012/1012/822 1011/1011/821
f 1020/1020/828 967/967/784 966/966/783
f 1020/1020/828 966/966/783 1019/1019/827
f 1023/1023/831 965/965/782 968/968/785
f 1023/1023/831 968/968/785 1024/1024/832
f 1025/1025/833 1026/1026/834 1027/1027/835
f 1025/1025/833 1027/1027/835 1028/1028/836
f 1029/1029/837 1030/1030/838 1031/1031/834
f 1029/1029/837 1031/1031/834 1032/1032/833
f 1033/1033/839 1023/1023/831 1024/1024/832
f 1033/1033/839 1024/1024/832 1034/1034/840
f 1035/1035/841 1036/1036/842 1037/1037/843
f 1035/1035/841 1037/1037/843 1038/1038/844
f 1039/1039/845 1040/1040/846 1041/1041/847
f 1039/1039/845 1041/1041/847 1042/1042/848
f 998/998/808 997/997/807 1036/1036/842
f 998/998/808 1036/1036/842 1035/1035/841
f 1013/1013/823 1043/1043/849 1044/1044/850
f 1013/1013/823 1044/1044/850 1014/1014/824
f 970/970/787 964/964/781 963/963/780
f 970/970/787 963/963/780 971/971/788
f 1021/1021/829 1028/1028/836 1027/1027/835
f 1021/1021/829 1027/1027/835 1022/1022/830
f 1038/1038/844 1037/1037/843 1030/1030/838
f 1038/1038/844 1030/1030/838 1029/1029/837
f 1045/1045/851 1046/1046/852 1047/1047/853
f 1045/1045/851 1047/1047/853 1048/1048/854
f 887/887/736 886/886/735 872/872/721
f 887/887/736 872/872/721 871/871/720
f 1049/1049/855 837/837/687 840/840/690
f 1049/1049/855 840/840/690 1050/1050/856
f 858/858/707 874/874/723 873/873/722
f 858/858/707 873/873/722 855/855/704
f 1051/1051/857 1052/1052/858 885/885/734
f 1051/1051/857 885/885/734 888/888/737
f 839/839/689 838/838/688 842/842/692
f 839/839/689 842/842/692 841/841/691
f 876/876/725 875/875/724 1053/1053/859
f 876/876/725 1053/1053/859 1054/1054/860
f 1017/1017/825 1052/1052/858 1051/1051/857
f 1017/1017/825 1051/1051/857 1018/1018/826
f 1049/1049/855 1050/1050/856 836/836/686
f 1049/1049/855 836/836/686 835/835/685
f 863/863/712 866/866/715 830/830/680
f 863/863/712 830/830/680 829/829/679
f 956/956/861 1055/1055/862 1056/1056/863
f 956/956/861 1056/1056/863 957/957/862
f 1057/1057/864 1058/1058/864 1059/1059/864
f 1057/1057/864 1059/1059/864 1060/1060/864
f 881/881/730 884/884/733 993/993/803
f 881/881/730 993/993/803 992/992/802
f 1042/1042/848 1061/1061/865 1062/1062/866
f 1042/1042/848 1062/1062/866 1039/1039/845
f 1063/1063/867 1064/1064/867 1058/1058/867
f 1063/1063/867 1058/1058/867 1057/1057/867
f 1065/1065/868 1066/1066/868 1067/1067/868
f 1065/1065/868 1067/1067/868 1068/1068/868
f 923/923/756 926/926/759 1069/1069/869
f 923/923/756 1069/1069/869 1070/1070/869
f 1071/1071/870 955/955/871 958/958/872
f 1071/1071/870 958/958/872 1072/1072/871
f 1063/1063/873 1071/1071/873 1072/1072/874
f 1063/1063/873 1072/1072/874 1064/1064/873
f 1073/1073/875 1060/1060/876 1059/1059/875
f 1073/1073/875 1059/1059/875 1074/1074/877
f 1075/1075/878 1073/1073/879 1074/1074/878
f 1075/1075/878 1074/1074/878 1076/1076/880
f 1077/1077/881 1078/1078/882 1079/1079/883
f 1077/1077/881 1079/1079/883 1080/1080/884
f 1081/1081/885 1078/1078/882 1077/1077/881
f 1081/1081/885 1077/1077/881 1082/1082/886
f 1048/1048/854 1047/1047/853 1041/1041/847
f 1048/1048/854 1041/1041/847 1040/1040/846
f 1083/1083/887 1084/1084/888 1085/1085/889
f 1083/1083/887 1085/1085/889 1086/1086/890
f 1087/1087/891 1088/1088/892 1089/1089/893
f 1087/1087/891 1089/1089/893 1090/1090/894
f 1091/1091/895 1092/1092/896 1046/1046/852
f 1091/1091/895 1046/1046/852 1045/1045/851
f 1093/1093/897 1087/1087/891 1090/1090/894
f 1093/1093/897 1090/1090/894 1094/1094/898
f 1086/1086/890 1085/1085/889 1092/1092/896
f 1086/1086/890 1092/1092/896 1091/1091/895
f 1095/1095/899 1096/1096/900 1097/1097/901
f 1095/1095/899 1097/1097/901 1098/1098/902
f 1080/1080/884 1079/1079/883 1084/1084/888
f 1080/1080/884 1084/1084/888 1083/1083/887
f 1088/1088/892 1081/1081/885 1082/1082/886
f 1088/1088/892 1082/1082/886 1089/1089/893
f 1099/1099/898 1097/1097/901 1096/1096/900
f 1099/1099/898 1096/1096/900 1100/1100/897
f 1043/1043/849 1033/1033/839 1034/1034/840
f 1043/1043/849 1034/1034/840 1044/1044/850
f 1061/1061/865 1095/1095/899 1098/1098/902
f 1061/1061/865 1098/1098/902 1062/1062/866
f 1101/1101/903 1102/1102/904 1067/1067/904
f 1101/1101/903 1067/1067/904 1066/1066/904
f 1103/1103/905 1104/1104/906 1105/1105/907
f 1103/1103/905 1105/1105/907 1106/1106/906
f 1055/1055/908 1105/1105/909 1104/1104/910
f 1055/1055/908 1104/1104/910 1056/1056/909
f 1068/1068/911 1103/1103/911 1106/1106/912
f 1068/1068/911 1106/1106/912 1065/1065/911
f 848/848/913 847/847/914 1102/1102/915
f 848/848/913 1102/1102/915 1101/1101/914
f 1107/1107/916 1075/1075/917 1076/1076/916
f 1107/1107/916 1076/1076/916 1108/1108/918
f 1109/1109/249 1110/1110/249 287/287/249
f 1109/1109/249 287/287/249 286/286/249
f 1111/1111/249 1112/1112/249 1110/1110/249
f 1111/1111/249 1110/1110/249 1109/1109/249
f 1113/1113/742 1114/1114/742 1115/1115/742
f 1113/1113/742 1115/1115/742 1116/1116/742
f 295/295/69 296/296/69 898/898/69
f 295/295/69 898/898/69 897/897/69
f 297/297/120 298/298/120 976/976/120
f 297/297/120 976/976/120 975/975/120
f 299/299/70 302/302/70 1117/1117/70
f 299/299/70 1117/1117/70 1118/1118/70
f 297/297/120 975/975/120 1119/1119/120
f 297/297/120 1119/1119/120 303/303/120
f 1109/1109/249 286/286/249 306/306/249
f 1109/1109/249 306/306/249 1120/1120/249
f 834/834/684 833/833/683 1054/1054/860
f 834/834/684 1054/1054/860 1053/1053/859
f 307/307/250 310/310/253 675/675/547
f 307/307/250 675/675/547 674/674/120
f 581/581/474 314/314/256 313/313/255
f 581/581/474 313/313/255 699/699/569
f 630/630/507 663/663/536 618/618/497
f 630/630/507 618/618/497 584/584/477
f 592/592/120 605/605/120 1121/1121/120
f 592/592/120 1121/1121/120 593/593/484
f 684/684/556 688/688/560 1122/1122/120
f 684/684/556 1122/1122/120 686/686/558
f 688/688/560 691/691/563 698/698/120
f 688/688/560 698/698/120 1122/1122/120
f 609/609/493 608/608/492 444/444/919
f 609/609/493 444/444/919 443/443/920
f 453/453/921 640/640/517 643/643/517
f 453/453/921 643/643/517 454/454/921
f 1123/1123/922 1124/1124/922 719/719/922
f 1123/1123/922 719/719/922 718/718/922
f 721/721/923 720/720/923 1124/1124/923
f 721/721/923 1124/1124/923 1123/1123/923
f 473/473/377 793/793/645 792/792/644
f 473/473/377 792/792/644 474/474/378
f 805/805/249 800/800/652 788/788/249
f 805/805/249 788/788/249 787/787/249
f 330/330/271 329/329/270 593/593/484
f 330/330/271 593/593/484 1125/1125/924
f 372/372/305 1125/1125/924 1126/1126/925
f 372/372/305 1126/1126/925 373/373/306
f 1125/1125/924 593/593/484 1121/1121/120
f 1125/1125/924 1121/1121/120 1126/1126/925
f 367/367/300 319/319/261 322/322/264
f 367/367/300 322/322/264 349/349/284
f 344/344/279 330/330/271 1125/1125/924
f 344/344/279 1125/1125/924 372/372/305
f 357/357/290 344/344/279 372/372/305
f 357/357/290 372/372/305 358/358/291
f 417/417/120 428/428/120 331/331/120
f 417/417/120 331/331/120 324/324/120
f 428/428/120 433/433/120 332/332/120
f 428/428/120 332/332/120 331/331/120
f 429/429/349 431/431/120 436/436/120
f 429/429/349 436/436/120 435/435/353
f 510/510/249 493/493/394 496/496/397
f 510/510/249 496/496/397 741/741/600
f 528/528/424 541/541/436 515/515/413
f 528/528/424 515/515/413 486/486/388
f 574/574/467 569/569/463 573/573/466
f 574/574/467 573/573/466 576/576/469
f 35/35/34 31/31/30 34/34/33
f 31/31/30 35/35/34 49/49/48
f 49/49/48 35/35/34 29/29/28
f 49/49/48 29/29/28 50/50/49
f 50/50/49 29/29/28 3/3/3
f 50/50/49 3/3/3 64/64/63
f 64/64/63 3/3/3 2/2/2
f 64/64/63 2/2/2 61/61/60
f 61/61/60 2/2/2 26/26/25
f 61/61/60 26/26/25 228/228/188
f 228/228/188 26/26/25 25/25/24
f 228/228/188 25/25/24 193/193/155
f 193/193/155 25/25/24 44/44/43
f 193/193/155 44/44/43 43/43/42
f 855/855/704 859/859/708 856/856/705
f 859/859/708 855/855/704 873/873/722
f 859/859/708 873/873/722 854/854/703
f 854/854/703 873/873/722 872/872/721
f 854/854/703 872/872/721 827/827/677
f 827/827/677 872/872/721 886/886/735
f 827/827/677 886/886/735 828/828/678
f 828/828/678 886/886/735 885/885/734
f 828/828/678 885/885/734 852/852/701
f 852/852/701 885/885/734 1052/1052/858
f 852/852/701 1052/1052/858 849/849/698
f 849/849/698 1052/1052/858 1017/1017/825
f 849/849/698 1017/1017/825 867/867/716
f 849/849/698 867/867/716 870/870/719
# Vertices: 1126, normals: 925, texture coordinates: 1126, faces: 1252

